,County,2010,2011,2012,2013,2014,2015,2016,2017,2018,2019,2020,2021,2022
0,"Baldwin County, Alabama",183195,186717,190790,195540,200111,203709,208563,212628,218022,223234,231767,239294,246435
1,"Calhoun County, Alabama",118510,117797,117296,116736,115916,115620,114611,114728,114277,113605,116441,115972,115788
2,"Cullman County, Alabama",80459,80536,80440,80811,81289,82005,82471,82755,83442,83768,87866,89496,90665
3,"DeKalb County, Alabama",71151,71375,71080,71013,71065,71130,70900,71617,71385,71513,71608,71813,71998
4,"Elmore County, Alabama",79549,80162,80629,80902,80977,81468,81799,81677,81887,81209,87977,89304,89563
5,"Etowah County, Alabama",104462,104303,104392,103931,103531,103057,102564,102755,102501,102268,103436,103162,103088
6,"Houston County, Alabama",101888,102369,103402,103668,104193,104173,104056,104346,104722,105882,107202,107458,108079
7,"Jefferson County, Alabama",658555,658931,660009,659479,660793,660367,659521,659197,659300,658573,674721,667820,665409
8,"Lauderdale County, Alabama",92679,92781,92542,92797,93096,92596,92318,92538,92387,92729,93564,94043,95878
9,"Lee County, Alabama",140780,143468,147257,150933,154255,156993,158991,161604,163941,164542,174241,177218,180773
10,"Limestone County, Alabama",83193,85369,87654,88845,90787,91663,92753,94402,96174,98915,103570,107517,110900
11,"Madison County, Alabama",335988,340111,343080,346892,350299,353089,356967,361046,366519,372909,388153,395211,403565
12,"Marshall County, Alabama",93235,94166,94776,94760,94636,94725,95157,95548,96109,96774,97612,98228,99423
13,"Mobile County, Alabama",413277,412577,413936,414079,415123,415395,414836,413955,413757,413210,414809,413073,411411
14,"Montgomery County, Alabama",229844,232032,230149,226659,226189,226519,226349,226646,225763,226486,228954,227434,226361
15,"Morgan County, Alabama",119626,119953,120395,119787,119607,119565,119012,118818,119089,119679,123421,123668,124211
16,"St. Clair County, Alabama",83761,84398,85237,86308,86697,87074,88019,88199,88690,89512,91103,92748,93932
17,"Shelby County, Alabama",195828,197936,200941,204180,206655,208713,210622,213605,215707,217702,223024,226902,230115
18,"Talladega County, Alabama",82110,81664,81762,81096,81322,80862,80103,80065,79828,79978,82149,81524,80704
19,"Tuscaloosa County, Alabama",195036,197211,198596,200821,202212,203976,206102,207811,208911,209355,227036,227007,236780
20,"Anchorage Municipality, Alaska",293227,295570,298610,300950,301010,298695,298192,294356,291538,288000,291247,288121,287145
21,"Fairbanks North Star Borough, Alaska",98314,99192,100272,100436,99357,99631,100605,99703,98971,96849,95655,95593,95356
22,"Matanuska-Susitna Borough, Alaska",89737,91946,93925,95192,97882,101095,104365,106532,107610,108317,107081,110686,113325
23,"Apache County, Arizona",71676,72401,73195,71934,71828,71474,73112,71606,71818,71887,66021,65623,65432
24,"Cochise County, Arizona",131789,133289,132088,129473,127448,126427,125770,124756,126770,125922,125447,126050,125663
25,"Coconino County, Arizona",134651,134511,136011,136539,137682,139097,140908,140776,142854,143476,145101,145052,144060
26,"Maricopa County, Arizona",3827371,3880244,3942169,4009412,4087191,4167947,4242997,4307033,4410824,4485414,4420568,4496588,4551524
27,"Mohave County, Arizona",200181,202351,203334,203030,203361,204737,205249,207200,209550,212181,213267,217692,220816
28,"Navajo County, Arizona",107551,107398,107094,107322,108101,108277,110026,108956,110445,110924,106717,108147,108650
29,"Pima County, Arizona",982154,989569,992394,996554,1004516,1010025,1016206,1022769,1039073,1047279,1043433,1052030,1057597
30,"Pinal County, Arizona",383842,382992,387365,389350,401918,406584,418540,430237,447138,462789,425264,449557,464154
31,"Yavapai County, Arizona",211061,211888,212637,215133,218844,222255,225562,228168,231993,235099,236209,242253,246191
32,"Yuma County, Arizona",196509,200870,200022,201201,203247,204275,205631,207534,212128,213787,203881,206990,207842
33,"Benton County, Arkansas",222894,227556,232268,237297,242321,249672,258291,266300,272608,279141,284333,293692,302863
34,"Craighead County, Arkansas",96771,98315,99735,101488,102518,104354,105835,107115,108558,110332,111231,112218,113017
35,"Faulkner County, Arkansas",113980,116342,118704,119580,120768,121552,122227,123654,124806,126007,123498,125106,127665
36,"Garland County, Arkansas",96145,97124,96903,97173,97322,97177,97477,98658,99154,99386,100180,100330,100089
37,"Jefferson County, Arkansas",77358,76246,74723,73191,72297,71565,70016,69115,68114,66824,67260,65861,64246
38,"Lonoke County, Arkansas",68634,69341,69839,70753,71557,71645,72228,72898,73657,73309,74015,74722,75225
39,"Pulaski County, Arkansas",383632,386299,388953,391284,392702,392664,393250,393956,392680,391911,399125,397821,399145
40,"Saline County, Arkansas",107532,109526,111845,114404,115719,117460,118703,119323,121421,122437,123416,125233,127357
41,"Sebastian County, Arkansas",125920,127127,127304,127342,126776,127780,127793,128107,127753,127827,127799,128400,129059
42,"Washington County, Arkansas",204123,207521,211411,216410,220792,225477,228049,231996,236961,239187,245871,250057,256054
43,"White County, Arkansas",77350,78167,78493,78483,78592,79161,79263,79016,78727,78753,76822,77207,77755
44,"Alameda County, California",1513952,1529875,1554720,1578891,1610921,1638215,1647704,1663190,1666753,1671329,1682353,1648556,1628997
45,"Butte County, California",220072,220266,221539,222090,224241,225411,226864,229294,231256,219186,211632,208309,207303
46,"Contra Costa County, California",1052827,1066096,1079597,1094205,1111339,1126745,1135127,1147439,1150215,1153526,1165927,1161413,1156966
47,"El Dorado County, California",181194,180938,180561,181737,183087,184452,185625,188987,190678,192843,191185,193221,192646
48,"Fresno County, California",933248,942904,947895,955272,965974,974861,979915,989255,994400,999101,1008654,1013581,1015190
49,"Humboldt County, California",134794,134761,134827,134493,134809,135727,136646,136754,136373,135558,136463,136310,135010
50,"Imperial County, California",175234,177057,176948,176584,179091,180191,180883,182830,181827,181215,179702,179851,178713
51,"Kern County, California",842207,851710,856158,864124,874589,882176,884788,893119,896764,900202,909235,917673,916108
52,"Kings County, California",153174,153765,151364,150960,150269,150965,149785,150101,151366,152940,152486,153443,152981
53,"Lake County, California",64771,64323,63983,63860,64184,64591,64116,64246,64382,64386,68163,68766,68191
54,"Los Angeles County, California",9830420,9889056,9962789,10017068,10116705,10170292,10137915,10163507,10105518,10039107,10014009,9829544,9721138
55,"Madera County, California",151408,152925,152218,152389,154548,154998,154697,156890,157672,157327,156255,159410,160256
56,"Marin County, California",252916,255031,256069,258365,260750,261221,260651,260955,259666,258826,262321,260206,256018
57,"Mendocino County, California",87828,87553,87428,87192,87869,87649,87628,88018,87606,86749,91601,91305,89783
58,"Merced County, California",256778,259898,262305,263228,266353,268455,268672,272673,274765,277680,281202,286461,290014
59,"Monterey County, California",416682,421898,426762,428826,431344,433898,435232,437907,435594,434061,439035,437325,432858
60,"Napa County, California",136858,138088,139045,140326,141667,142456,142166,140973,139417,137744,138019,136207,134300
61,"Nevada County, California",98794,98612,98292,98200,98893,98877,99107,99814,99696,99755,102241,103487,102293
62,"Orange County, California",3018963,3055745,3090132,3114363,3145515,3169776,3172532,3190400,3185968,3175692,3186989,3167809,3151184
63,"Placer County, California",350048,357138,361682,367309,371694,375391,380531,386166,393149,398329,404739,412300,417772
64,"Riverside County, California",2203332,2239620,2268783,2292507,2329271,2361026,2387741,2423266,2450758,2470546,2418185,2458395,2473902
65,"Sacramento County, California",1421959,1436105,1450121,1462131,1482026,1501335,1514460,1530615,1540975,1552058,1585055,1588921,1584169
66,"San Bernardino County, California",2042441,2065377,2081313,2088371,2112619,2128133,2140096,2157404,2171603,2180085,2181654,2194710,2193656
67,"San Diego County, California",3105989,3140069,3177063,3211252,3263431,3299521,3317749,3337685,3343364,3338330,3298634,3286069,3276208
68,"San Francisco County, California",805463,812826,825863,837442,852469,864816,870887,884363,883305,881549,873965,815201,808437
69,"San Joaquin County, California",687744,696214,702612,704379,715597,726106,733709,745424,752660,762148,779233,789410,793229
70,"San Luis Obispo County, California",270113,271969,274804,276443,279083,281401,282887,283405,284010,283111,282424,283159,282013
71,"San Mateo County, California",720162,727209,739311,747373,758581,765135,764797,771410,769545,766573,764442,737888,729181
72,"Santa Barbara County, California",424712,426878,431249,435697,440668,444769,446170,448150,446527,446499,448229,446475,443837
73,"Santa Clara County, California",1787694,1809378,1837504,1862041,1894605,1918044,1919402,1938153,1937570,1927852,1936259,1885508,1870945
74,"Santa Cruz County, California",263054,264298,266776,269419,271804,274146,274673,275897,274255,273213,270861,267792,264370
75,"Shasta County, California",177291,177774,178586,178980,179804,179533,179631,179921,180040,180080,182155,182139,180930
76,"Solano County, California",414305,416471,420757,424788,431131,436092,440207,445458,446610,447643,453491,451716,448747
77,"Sonoma County, California",485120,488116,491829,495025,500292,502146,503070,504217,499942,494336,488863,485887,482650
78,"Stanislaus County, California",515358,518522,521726,525491,531997,538388,541560,547899,549815,550660,552878,552999,551275
79,"Sutter County, California",94806,94919,95022,95350,95847,96463,96651,96648,96807,96971,99633,99063,98503
80,"Tulare County, California",443688,449253,451977,454143,458198,459863,460437,464493,465861,466195,473117,477054,477544
81,"Ventura County, California",825706,831771,835981,839620,846178,850536,849738,854223,850967,846006,843843,839784,832605
82,"Yolo County, California",201190,202054,204118,204593,207590,213016,215802,219116,220408,220500,216403,216986,222115
83,"Yuba County, California",72388,72578,72926,73340,73966,74492,75275,77031,78041,78668,81575,83421,84310
84,"Adams County, Colorado",443715,451443,459598,469193,480718,491337,498187,503167,511868,517421,519572,522140,527575
85,"Arapahoe County, Colorado",575022,584948,595546,607070,618821,631096,637068,643052,651215,656590,655070,654900,655808
86,"Boulder County, Colorado",295166,299378,305318,310048,313333,319372,322226,322514,326078,326196,330758,329543,327468
87,"Denver County, Colorado",604414,619968,634265,649495,663862,682545,693060,704621,716492,727211,715522,711463,713252
88,"Douglas County, Colorado",287003,292167,298215,305963,314638,322387,328632,335299,342776,351154,357978,368990,375988
89,"El Paso County, Colorado",626928,636963,644964,655044,663519,674471,688284,699232,713856,720403,730395,737867,740567
90,"Jefferson County, Colorado",535533,539884,545358,551798,558503,565524,571837,574613,580233,582881,582910,579581,576143
91,"Larimer County, Colorado",300637,305525,310487,315988,324122,333577,339993,343976,350518,356899,359066,362533,366778
92,"Mesa County, Colorado",146313,147083,147848,147554,148255,148513,150083,151616,153207,154210,155703,157335,158636
93,"Pueblo County, Colorado",159477,160545,160852,161451,161875,163591,165123,166475,167529,168424,168162,169622,169544
94,"Weld County, Colorado",254270,258638,263691,269785,277670,285174,294932,304633,314305,324492,328981,340036,350176
95,"Kent County, Delaware",162912,164834,167626,169416,171987,173533,174827,176824,178550,180786,181851,184149,186946
96,"New Castle County, Delaware",538986,541971,546076,549684,552778,556779,556987,559793,559335,558753,570719,571708,575494
97,"Sussex County, Delaware",197871,200330,203390,206649,210849,215622,220251,225322,229286,234225,237378,247527,255956
98,"District of Columbia, District of Columbia",604453,617996,632323,646449,658893,672228,681170,693972,702455,705749,689545,670050,671803
99,"Alachua County, Florida",247497,249365,251417,253451,256380,259964,263496,266944,269956,269043,278468,279238,284030
100,"Bay County, Florida",169272,169856,171903,174987,178985,181635,183974,183563,185287,174705,175216,179168,185134
101,"Brevard County, Florida",543573,543566,547307,550823,556885,568088,579130,589162,596849,601942,606612,616628,630693
102,"Broward County, Florida",1753578,1780172,1815137,1838844,1869235,1896425,1909632,1935878,1951260,1952778,1944375,1930983,1947026
103,"Charlotte County, Florida",159990,160511,162449,164736,168474,173115,178465,182033,184998,188910,186847,194843,202661
104,"Citrus County, Florida",141129,140031,139360,139271,139377,141058,143621,145647,147929,149657,153843,158083,162529
105,"Clay County, Florida",191395,192370,194345,196399,199798,203967,208311,212230,216072,219252,218245,222361,226589
106,"Collier County, Florida",322472,328134,332427,339642,348777,357305,365136,372880,378488,384902,375752,385980,397994
107,"Columbia County, Florida",67597,67485,67966,67543,67857,68348,69299,69612,70503,71686,69698,70385,71908
108,"Duval County, Florida",865876,870709,879602,885855,897698,913010,926255,937934,950181,957755,995567,999935,1016536
109,"Escambia County, Florida",298043,299114,302715,305817,310659,311003,315187,313512,315534,318316,321905,322390,324878
110,"Flagler County, Florida",95928,97376,98359,99956,102408,105392,108310,110510,112067,115081,115378,120932,126705
111,"Hernando County, Florida",173008,173094,173422,174441,175855,178439,182835,186553,190865,193920,194515,200638,206896
112,"Highlands County, Florida",98700,98630,98128,97616,98236,99491,100917,102883,105424,106221,101235,103296,105618
113,"Hillsborough County, Florida",1233846,1267775,1277746,1291578,1316298,1349050,1376238,1408566,1436888,1471968,1459762,1478194,1513301
114,"Indian River County, Florida",138268,138894,140567,141994,144755,147919,151563,154383,157413,159923,159788,163662,167352
115,"Lake County, Florida",297950,301019,303186,308034,315690,325875,335396,346017,356495,367118,383956,395804,410139
116,"Lee County, Florida",620151,631330,645293,661115,679513,701982,722336,739224,754610,770577,760822,787976,822453
117,"Leon County, Florida",276058,277971,283769,281845,283988,286272,287822,290292,292502,293582,292198,292817,297369
118,"Manatee County, Florida",323435,327142,333895,342106,351746,363369,375888,385571,394855,403253,399710,412703,429125
119,"Marion County, Florida",331290,332529,335125,337362,339167,343254,349020,354353,359977,365579,375908,385915,396415
120,"Martin County, Florida",146393,147495,148817,151263,153392,156283,158701,159923,160912,161000,158431,159942,162006
121,"Miami-Dade County, Florida",2505379,2554766,2591035,2617176,2662874,2693117,2712945,2751796,2761581,2716940,2701767,2662777,2673837
122,"Monroe County, Florida",73269,73873,74809,76351,77136,77482,79077,77013,75027,74228,82874,82170,81708
123,"Nassau County, Florida",73473,74195,74629,75710,76619,78444,80622,82721,85832,88625,90352,94189,97899
124,"Okaloosa County, Florida",180728,183482,190083,193811,196512,198664,201170,202970,207269,210738,211668,213255,216482
125,"Orange County, Florida",1149500,1169107,1202234,1225267,1253001,1288126,1314367,1348975,1380645,1393452,1429908,1422746,1452726
126,"Osceola County, Florida",269837,276163,287416,298504,310211,323993,336015,352180,367990,375751,388656,403282,422545
127,"Palm Beach County, Florida",1323394,1335187,1356545,1372171,1397710,1422789,1443810,1471150,1485941,1496770,1492191,1497987,1518477
128,"Pasco County, Florida",465543,466457,470391,475502,485331,497909,512368,525643,539630,553947,561891,584067,608794
129,"Pinellas County, Florida",916719,917398,921319,929048,938098,949827,960730,970637,975280,974996,959107,956615,961739
130,"Polk County, Florida",602788,609492,616158,623009,634638,650092,666149,686483,708009,724777,725046,753520,787404
131,"Putnam County, Florida",74262,74041,73263,72577,72143,72023,72277,73464,74163,74521,73321,74167,74731
132,"St. Johns County, Florida",191323,195823,202188,209647,217919,226640,235087,243812,254261,264672,273425,292466,306841
133,"St. Lucie County, Florida",278689,280379,283866,286832,291028,298563,306507,313506,321128,328297,329226,343579,358704
134,"Santa Rosa County, Florida",151966,154104,158512,161096,163422,167040,170497,174272,179349,184313,188000,193998,198268
135,"Sarasota County, Florida",379874,382213,386147,390429,396962,405549,412569,419119,426718,433742,434006,447057,462286
136,"Seminole County, Florida",423508,425071,430838,436041,442516,449144,455479,462659,467832,471826,470856,470093,478772
137,"Sumter County, Florida",94074,97756,101620,107056,114350,118891,123996,125165,128754,132420,129752,135638,144970
138,"Volusia County, Florida",494527,494804,496950,500800,507531,517887,529364,538692,547538,553284,553543,564412,579192
139,"Barrow County, Georgia",69731,69912,70169,71453,73240,75370,77126,79061,80809,83240,83505,86658,89299
140,"Bartow County, Georgia",100195,100421,100661,101273,101736,102747,103807,105054,106408,107738,108901,110843,112816
141,"Bibb County, Georgia",155715,156433,156462,154721,153905,153721,152760,152862,153095,153159,157346,156762,156197
142,"Bulloch County, Georgia",70729,72881,72694,71214,72087,72651,74722,76149,77296,79608,81099,82442,83059
143,"Carroll County, Georgia",110661,111159,111580,112355,114093,114545,116261,117812,118121,119992,119148,121968,124592
144,"Chatham County, Georgia",265871,271544,276434,278434,283379,286956,289082,290501,289195,289430,295291,296329,301107
145,"Cherokee County, Georgia",215129,218286,221315,225106,230985,235900,241689,247573,254149,258773,266620,274615,281278
146,"Clarke County, Georgia",116668,117344,120266,121265,120938,123912,124707,127064,127330,128331,128671,128711,129875
147,"Clayton County, Georgia",259623,261532,265888,264220,267542,273955,279462,285153,289615,292256,297595,297100,296564
148,"Cobb County, Georgia",690063,697553,707442,717190,730981,741334,748150,755754,756865,760141,766149,766802,771952
149,"Columbia County, Georgia",124815,128112,131627,135416,139257,144052,147450,151579,154291,156714,156010,159639,162419
150,"Coweta County, Georgia",127955,129629,130929,133180,135571,138427,140526,143114,145864,148509,146158,149956,152882
151,"DeKalb County, Georgia",692902,699893,707089,713340,722161,734871,740321,753253,756558,759297,764382,757718,762820
152,"Dougherty County, Georgia",94577,94788,94501,92969,92407,91332,90017,89502,91243,87956,85790,84844,82966
153,"Douglas County, Georgia",132722,133355,133971,136379,138776,140733,142224,143882,145331,146343,144237,145814,147316
154,"Fayette County, Georgia",106945,107784,107524,108365,109664,110714,111627,112549,113459,114421,119194,120574,122030
155,"Floyd County, Georgia",96274,95989,96177,95821,96063,96504,96560,97613,97927,98498,98584,98771,99443
156,"Forsyth County, Georgia",176738,181840,187928,195405,204302,212438,221009,227967,236612,244252,251283,260206,267237
157,"Fulton County, Georgia",926197,949599,977773,984293,996319,1010562,1023336,1041423,1050114,1063937,1066710,1065334,1074634
158,"Glynn County, Georgia",79816,80386,81022,81508,82175,83579,84502,85282,85219,85292,84499,84739,85079
159,"Gwinnett County, Georgia",808719,824941,842046,859304,877922,895823,907135,920260,927781,936250,957062,964546,975353
160,"Hall County, Georgia",180253,183052,185416,187745,190761,193535,196637,199335,202148,204441,203136,207369,212692
161,"Henry County, Georgia",205265,207360,209053,211128,213869,217739,221768,225813,230220,234561,240712,245235,248364
162,"Houston County, Georgia",140713,143925,146136,147658,149111,150033,152122,153479,155469,157863,163633,166829,169631
163,"Lowndes County, Georgia",109734,111885,114552,112916,113523,112865,114628,115489,116321,117406,118251,119276,119739
164,"Muscogee County, Georgia",190417,194107,198413,202824,200887,200579,197485,194058,194160,195769,206922,205617,202616
165,"Newton County, Georgia",100086,100814,101505,102446,103675,105473,106999,108078,109541,111744,112483,115355,117621
166,"Paulding County, Georgia",142741,143542,144800,146950,148987,152238,155825,159445,164044,168667,168661,173780,178421
167,"Richmond County, Georgia",201005,201217,202587,202003,201368,201793,201647,201800,201554,202518,206607,205673,206640
168,"Rockdale County, Georgia",85434,85765,85820,86919,87754,88856,89355,90312,90594,90896,93570,94082,94984
169,"Troup County, Georgia",67187,67764,68468,69053,69469,69763,70005,69786,70034,69922,69426,69720,70191
170,"Walker County, Georgia",68761,68848,68094,68198,68218,68066,67896,68939,69410,69761,67654,68510,68915
171,"Walton County, Georgia",84004,84580,84575,85754,87615,88399,90184,91600,93503,94593,96673,99853,103065
172,"Whitfield County, Georgia",102934,103184,103359,102945,103542,104216,104589,104658,104062,104628,102864,102848,103132
173,"Hawaii County, Hawaii",185406,186738,189191,190821,194190,196428,198449,200381,200983,201513,200629,202906,206315
174,"Honolulu County, Hawaii",955775,963607,976372,983429,991788,998714,992605,988650,980080,974563,1016508,1000890,995638
175,"Kauai County, Hawaii",67226,67701,68434,69512,70475,71735,72029,72159,72133,72293,73298,73454,73810
176,"Maui County, Hawaii",155170,156693,158226,160195,163046,164593,165379,166271,167218,167488,164754,164268,164365
177,"Ada County, Idaho",393531,400842,409061,416464,426236,434211,444028,456849,469966,481587,494967,511931,518907
178,"Bannock County, Idaho",83071,83691,83800,83249,83347,83744,84377,85269,87138,87808,87018,88263,89517
179,"Bonneville County, Idaho",104592,105772,106684,107517,108623,110089,112232,114595,116854,119062,123964,127930,129496
180,"Canyon County, Idaho",189428,191694,193888,198871,203143,207478,211698,216699,223499,229849,231105,243115,251065
181,"Kootenai County, Idaho",138901,141132,142357,144265,147326,150346,154311,157637,161505,165697,171362,179789,183578
182,"Twin Falls County, Idaho",77517,78005,78595,79957,80914,82375,83514,85124,86081,86878,90046,92243,93696
183,"Champaign County, Illinois",201332,201685,203276,204897,207133,208861,208419,209399,209983,209689,205865,205943,206542
184,"Cook County, Illinois",5200950,5217080,5231351,5240700,5246456,5238216,5203499,5211263,5180493,5150233,5275541,5173146,5109292
185,"DeKalb County, Illinois",105201,104743,104704,104741,105462,104352,104528,104733,104143,104897,100420,100414,100232
186,"DuPage County, Illinois",918764,923222,927987,932126,932708,933736,929368,930128,928589,922921,932877,924885,920901
187,"Kane County, Illinois",516499,520271,522487,523643,527306,530847,531715,534667,534216,532403,516522,515588,514182
188,"Kankakee County, Illinois",113502,113698,113040,112120,111375,110879,110008,109605,110024,109862,107502,106601,106074
189,"Kendall County, Illinois",115304,116631,118105,119348,121350,123355,124695,126218,127915,128990,131869,134867,137254
190,"Lake County, Illinois",704596,706222,702120,703019,705186,703910,703047,703520,700832,696535,714342,711239,709150
191,"LaSalle County, Illinois",113840,113518,112973,112183,111241,111333,110642,110067,109430,108669,109658,108965,108078
192,"McHenry County, Illinois",309192,308944,308145,307409,307283,307343,307004,309122,308570,307774,310229,311122,311747
193,"McLean County, Illinois",169832,170556,172281,174647,174061,173166,172418,172290,172828,171517,170954,170889,171141
194,"Macon County, Illinois",110715,110730,110122,109278,108350,107303,106550,105801,104712,104009,103998,102432,101483
195,"Madison County, Illinois",269271,268459,267883,267225,266560,266209,265759,265428,264461,262966,265859,264490,263864
196,"Peoria County, Illinois",186311,186834,187254,188429,187319,186221,185006,183011,180621,179179,181830,179432,178383
197,"Rock Island County, Illinois",147517,147556,147457,147258,146063,146133,144784,144808,143477,141879,144672,142909,141527
198,"St. Clair County, Illinois",270419,270259,268858,266955,265729,264052,262759,262479,261059,259686,257400,254796,252671
199,"Sangamon County, Illinois",197822,198844,199271,199145,198997,198712,197499,196452,195348,194672,196343,194734,194534
200,"Tazewell County, Illinois",135433,135661,135949,136352,135707,134800,134385,133526,132328,131803,131343,130413,129911
201,"Vermilion County, Illinois",81551,81509,80727,80329,79728,79282,78111,77909,76806,75758,74188,73095,72337
202,"Will County, Illinois",678697,681545,682518,682829,685419,687263,689529,692661,692310,690743,696355,697252,696757
203,"Williamson County, Illinois",66369,66622,66674,66924,67008,67466,67560,67328,67056,66597,67153,66879,66695
204,"Winnebago County, Illinois",295127,293993,292069,290666,288542,287078,285873,284778,284081,282572,285350,283119,282188
205,"Allen County, Indiana",355856,358327,360412,363014,365918,368450,370404,372877,375351,379299,385410,388608,391449
206,"Bartholomew County, Indiana",76855,77870,79129,79587,80217,81162,81402,82040,82753,83779,82208,82475,83540
207,"Clark County, Indiana",110610,111570,111951,112938,114262,115371,116031,116973,117360,118302,121093,122738,124237
208,"Delaware County, Indiana",117669,117660,117364,117484,117074,116852,115603,115184,114772,114135,111903,111871,112031
209,"Elkhart County, Indiana",197646,198941,199619,200563,201971,203474,203781,205032,205560,206341,207047,206921,206890
210,"Floyd County, Indiana",74679,74989,75283,76244,76179,76778,76990,77071,77781,78522,80484,80454,80714
211,"Grant County, Indiana",69975,69793,69330,69126,68569,67979,66937,66491,65936,65769,66674,66263,66022
212,"Hamilton County, Indiana",276390,282810,289495,296693,302623,309697,316373,323747,330086,338011,347467,356650,364921
213,"Hancock County, Indiana",70250,70529,70933,71575,71978,72520,73717,74985,76351,78168,79840,81789,83070
214,"Hendricks County, Indiana",145867,147979,150434,153879,156056,158192,160610,163685,167009,170311,174788,179355,182534
215,"Howard County, Indiana",82770,82800,82849,82760,82982,82556,82568,82363,82366,82544,83658,83687,83574
216,"Johnson County, Indiana",140009,141656,143191,145535,147538,149633,151982,153897,156225,158167,161765,164298,165782
217,"Kosciusko County, Indiana",77368,77336,77609,77963,78564,78620,79092,79206,79344,79456,80240,80106,80826
218,"Lake County, Indiana",495981,495558,493618,491456,490228,487865,485846,485640,484411,485493,498700,498558,499689
219,"LaPorte County, Indiana",111465,111374,111246,111281,111444,110884,110015,110029,110007,109888,112417,112390,111675
220,"Madison County, Indiana",131642,131235,130348,130482,130069,129723,129296,129498,129641,129569,130129,130782,131744
221,"Marion County, Indiana",904878,911296,918977,928281,934243,939020,941229,950082,954670,964582,977203,971102,969466
222,"Monroe County, Indiana",138422,139799,141019,141888,143339,144705,145496,146986,146917,148431,139718,139875,139745
223,"Morgan County, Indiana",69061,69464,69356,69782,69693,69648,69698,69713,70116,70489,71780,72206,72236
224,"Porter County, Indiana",164592,165537,165682,166557,167076,167688,167791,168404,169594,170389,173215,174243,174791
225,"St. Joseph County, Indiana",266961,266700,266344,266709,267618,268441,269141,270434,270771,271826,272912,272212,272234
226,"Tippecanoe County, Indiana",172963,174724,177513,180174,183074,185826,188059,190587,193048,195732,186251,187076,188717
227,"Vanderburgh County, Indiana",179833,180305,180858,181398,182006,181877,181721,181616,180974,181451,180136,179987,179744
228,"Vigo County, Indiana",107958,108182,108428,108291,108175,107896,107931,107516,107386,107038,106153,105994,106006
229,"Wayne County, Indiana",68853,68643,68346,67893,67671,67001,66568,66185,65936,65884,66553,66456,66273
230,"Black Hawk County, Iowa",131221,131549,131820,132546,132897,133455,132904,132648,132408,131228,131144,130368,130274
231,"Dallas County, Iowa",66616,69444,71967,74641,77400,80133,84516,87235,90180,93453,99678,103796,108016
232,"Dubuque County, Iowa",93880,94648,95097,95697,96370,97125,97003,97041,96854,97311,99266,98718,98677
233,"Johnson County, Iowa",131225,133038,136317,139155,142287,144251,146547,149210,151260,151140,152854,154748,156420
234,"Linn County, Iowa",211501,213875,215295,216111,217751,219916,221661,224115,225909,226706,230299,228939,229033
235,"Polk County, Iowa",432260,437399,443710,451677,459862,467711,474045,481830,487204,490161,492401,496844,501089
236,"Pottawattamie County, Iowa",93359,93518,92913,92728,93128,93671,93582,93386,93533,93206,93667,93304,93173
237,"Scott County, Iowa",165841,167095,168799,170385,171387,172126,172474,172509,173283,172943,174669,174170,173924
238,"Story County, Iowa",89575,89663,91140,92406,94073,96021,97090,97502,98105,97117,98537,99472,99673
239,"Woodbury County, Iowa",102407,102509,102323,102130,102271,102782,102779,102429,102539,103107,105941,105607,105671
240,"Butler County, Kansas",65923,65817,65827,65803,66227,66741,67025,66878,66765,66911,67380,67889,68240
241,"Douglas County, Kansas",111130,112211,112864,114322,116585,118053,119440,120793,121436,122259,118785,119363,119964
242,"Johnson County, Kansas",545876,552991,559913,566933,574272,580159,584451,591178,597555,602401,609863,613219,619195
243,"Leavenworth County, Kansas",73749,75527,77739,78185,78797,79315,80204,81095,81352,81758,81881,82184,82892
244,"Riley County, Kansas",71481,72997,75508,75394,75194,75247,73343,74172,73703,74232,71959,72208,71108
245,"Sedgwick County, Kansas",499393,501076,503889,505415,508803,511574,511995,513687,513607,516042,523824,523828,525525
246,"Shawnee County, Kansas",178301,178941,178991,178831,178406,178725,178146,178187,177499,176875,178909,178264,177480
247,"Wyandotte County, Kansas",157845,158224,159129,160384,161636,163369,163831,165288,165324,165429,169245,167046,165746
248,"Boone County, Kentucky",119290,121737,123316,124442,126413,127712,128536,130728,131533,133581,135968,137412,139093
249,"Bullitt County, Kentucky",74473,75109,75896,76854,77955,78702,79151,80246,81069,81676,82217,82918,83836
250,"Campbell County, Kentucky",90532,90940,90908,90988,91833,92066,92211,92488,93152,93584,93076,93050,93300
251,"Christian County, Kentucky",74179,73591,75427,74167,74250,73309,72351,70416,71671,70461,72748,72357,73037
252,"Daviess County, Kentucky",96762,97234,97847,98218,98275,99259,99674,100374,101104,101511,103312,103063,103222
253,"Fayette County, Kentucky",296765,301569,305489,308428,310797,314488,318449,321959,323780,323152,322570,321793,320347
254,"Hardin County, Kentucky",106933,107456,107025,108191,108266,106439,107316,108071,110356,110958,110702,111607,111862
255,"Jefferson County, Kentucky",742172,746906,750828,756832,760026,763623,765352,771158,770517,766757,782969,777874,773399
256,"Kenton County, Kentucky",159876,160406,161711,163145,163929,165012,164945,165399,166051,166998,169064,169495,170313
257,"McCracken County, Kentucky",65539,65864,65549,65373,65316,65018,65162,65385,65346,65418,67875,67454,67490
258,"Madison County, Kentucky",83157,84188,84786,85590,87340,87824,89547,91226,92368,92987,92701,94666,95187
259,"Warren County, Kentucky",114172,115517,117110,118370,120460,122851,125532,128845,131264,132896,134554,137212,139843
260,"Ascension Parish, Louisiana",107891,109985,112286,114393,117029,119455,121587,122948,124672,126604,126500,128369,130458
261,"Bossier Parish, Louisiana",117522,119732,122197,123823,125064,125175,126057,127634,127185,127039,128746,129144,129276
262,"Caddo Parish, Louisiana",255543,257051,257093,254887,252603,251460,248851,246581,242922,240204,237848,233092,229025
263,"Calcasieu Parish, Louisiana",193230,194092,194493,195296,197204,198788,200601,202445,203112,203436,216785,205282,202418
264,"East Baton Rouge Parish, Louisiana",440909,441438,444526,445227,446042,446753,447037,446268,440956,440059,456781,453301,450544
265,"Iberia Parish, Louisiana",73236,73400,73999,73878,73913,74103,73273,72176,70941,69830,69929,68975,68327
266,"Jefferson Parish, Louisiana",432449,432640,433676,434767,435716,436275,436523,439036,434051,432493,440781,433688,425884
267,"Lafayette Parish, Louisiana",222051,224390,227055,230845,235644,240098,241398,242485,242782,244390,241753,244205,247866
268,"Lafourche Parish, Louisiana",96328,96666,97029,97141,98020,98325,98305,98426,98115,97614,97557,97504,95870
269,"Livingston Parish, Louisiana",128549,130251,131942,134053,135751,137788,140138,138228,139567,140789,142282,145830,148425
270,"Orleans Parish, Louisiana",347858,360740,369250,378715,384320,389617,391495,393292,391006,390144,383997,376971,369749
271,"Ouachita Parish, Louisiana",153910,154919,155363,156220,156325,156761,156983,155874,154475,153279,160368,158768,157702
272,"Rapides Parish, Louisiana",131779,132374,132373,132723,132488,132141,132424,131648,130562,129648,130023,128654,127189
273,"St. Landry Parish, Louisiana",83454,83552,83662,83454,83709,83848,83883,83497,82764,82124,82540,82071,81773
274,"St. Tammany Parish, Louisiana",234568,236785,239453,242333,245829,250088,253602,256327,258111,260419,264570,269388,273263
275,"Tangipahoa Parish, Louisiana",121425,122571,123441,125412,127049,128755,130710,132497,133777,134758,133157,135217,137048
276,"Terrebonne Parish, Louisiana",111861,111917,111893,112749,113328,113972,113220,112086,111021,110461,109580,108708,104786
277,"Androscoggin County, Maine",107623,107398,107609,107604,107440,107233,107319,107651,107679,108277,111139,111034,113023
278,"Aroostook County, Maine",71720,71482,70868,70055,69447,68628,67959,67653,67111,67055,67105,66859,67255
279,"Cumberland County, Maine",281457,282401,283921,285456,287797,289977,292041,292500,293557,295003,303069,305231,307451
280,"Kennebec County, Maine",122143,121935,121853,121164,121112,119980,120569,121821,122083,122302,123642,124486,125540
281,"Penobscot County, Maine",153849,153786,153746,153364,153414,152692,151806,151957,151096,152148,152199,152765,153704
282,"York County, Maine",197216,198199,199005,199431,200710,201169,202343,204191,206229,207641,211972,214591,216732
283,"Allegany County, Maryland",75021,74692,74012,73521,72952,72528,72130,71615,70975,70416,68106,67729,67267
284,"Anne Arundel County, Maryland",539198,544403,550488,555743,560133,564195,568346,573235,576031,579234,588261,590336,593286
285,"Baltimore County, Maryland",805709,809941,817455,823015,826925,831128,831026,832468,828431,827370,854535,849316,846161
286,"Calvert County, Maryland",88936,89256,89628,90484,90613,90595,91251,91502,92003,92525,92783,93928,94573
287,"Carroll County, Maryland",167241,167288,167217,167564,167830,167627,167656,167781,168429,168447,172891,173873,175305
288,"Cecil County, Maryland",101199,101694,101696,101913,102383,102382,102603,102746,102826,102855,103725,103905,104942
289,"Charles County, Maryland",147086,149130,150592,152864,154747,156118,157705,159700,161503,163257,166617,168698,170102
290,"Frederick County, Maryland",234122,236745,239582,241409,243675,245322,247591,252022,255648,259547,271717,279835,287079
291,"Harford County, Maryland",245177,246489,248622,249215,250105,250290,251032,252160,253956,255441,260924,262977,263867
292,"Howard County, Maryland",288376,293142,299430,304580,309284,313414,317233,321113,323196,325690,332317,334529,335411
293,"Montgomery County, Maryland",976203,989794,1004709,1016677,1030447,1040116,1043863,1058810,1052567,1050688,1062061,1054827,1052521
294,"Prince George's County, Maryland",865271,871233,881138,890081,904430,909535,908049,912756,909308,909327,967201,955306,946971
295,"St. Mary's County, Maryland",105786,107484,108987,109633,110382,111413,112587,112667,112664,113510,113777,114468,114877
296,"Washington County, Maryland",147558,148203,149180,149588,149573,149585,150292,150578,150926,151049,154705,154937,155590
297,"Wicomico County, Maryland",98843,99190,100647,100896,101539,102370,102577,102923,103195,103609,103588,103980,104664
298,"Baltimore city, Maryland",620583,619493,621342,622104,622793,621849,614664,611648,602495,593490,585708,576498,569931
299,"Barnstable County, Massachusetts",215937,215769,215423,214990,214914,214333,214276,213444,213413,212990,228996,232411,232457
300,"Berkshire County, Massachusetts",131144,130458,130016,129585,128715,127828,126903,126313,126348,124944,129026,128657,127859
301,"Bristol County, Massachusetts",548612,548922,551082,552780,554194,556772,558324,561483,564022,565217,579200,580164,580068
302,"Essex County, Massachusetts",744644,748930,755618,762550,769091,776043,779018,785205,790638,789034,809829,807074,806765
303,"Franklin County, Massachusetts",71369,71599,71540,71221,70862,70601,70382,70702,70963,70180,71029,71015,70894
304,"Hampden County, Massachusetts",463678,463783,465923,467319,468161,470690,468467,469818,470406,466372,465825,462718,461041
305,"Hampshire County, Massachusetts",158094,157822,159795,159596,160939,161292,161816,161834,161355,160830,162308,161572,162588
306,"Middlesex County, Massachusetts",1506008,1518171,1537215,1552802,1570315,1585139,1589774,1602947,1614714,1611699,1632002,1614742,1617105
307,"Norfolk County, Massachusetts",672376,675436,681845,687802,692254,696023,697181,700322,705388,706775,725981,724505,725531
308,"Plymouth County, Massachusetts",495780,497579,499759,501915,507022,510393,513565,515142,518132,521202,530819,533003,533069
309,"Suffolk County, Massachusetts",723323,730932,744426,755503,767254,778121,784230,797939,807252,803907,797936,771245,766381
310,"Worcester County, Massachusetts",799553,801227,806163,809106,813475,818963,819589,826116,830839,830622,862111,862029,862927
311,"Allegan County, Michigan",111503,111234,112039,112531,113847,114625,115548,116447,117327,118081,120502,120950,121210
312,"Bay County, Michigan",107703,107110,106935,106832,106179,105659,104747,104239,103923,103126,103856,102985,102821
313,"Berrien County, Michigan",156805,156941,156067,155252,155233,154636,154010,154259,154141,153401,154316,153101,152900
314,"Calhoun County, Michigan",136072,135490,135099,135012,134878,134314,134386,134128,134487,134159,134310,133819,133289
315,"Clinton County, Michigan",75426,75469,76001,76739,77297,77390,77888,78443,79332,79595,79128,79426,79748
316,"Eaton County, Michigan",107838,108056,108008,108348,108579,108801,109160,109027,109826,110268,109175,108944,108992
317,"Genesee County, Michigan",424926,422080,418408,415376,412895,410849,408615,407385,406892,405813,406211,404208,401983
318,"Grand Traverse County, Michigan",87043,88349,89112,89987,90782,91636,92084,91807,92573,93088,95238,95860,96464
319,"Ingham County, Michigan",280812,281613,281723,282234,284582,286085,288051,290186,292735,292406,284900,284034,284108
320,"Jackson County, Michigan",160201,159748,160309,160369,159741,159494,158460,158640,158823,158510,160366,160050,160066
321,"Kalamazoo County, Michigan",250738,252074,254580,256725,258818,260263,261654,262985,264870,265066,261670,261108,261173
322,"Kent County, Michigan",603219,608453,614462,621700,629237,636369,642173,648594,653786,656955,657974,658046,659083
323,"Lapeer County, Michigan",88210,88082,88173,88389,88153,88373,88340,88174,88028,87607,88619,88513,88780
324,"Lenawee County, Michigan",99763,99440,98987,99188,99047,98573,98504,98623,98266,98451,99423,98956,98567
325,"Livingston County, Michigan",180972,181722,182838,184443,185596,187316,188624,189651,191224,191995,193866,195014,196161
326,"Macomb County, Michigan",841126,842145,847383,854769,860112,864840,867730,871375,874759,873972,881217,876792,874195
327,"Marquette County, Michigan",67131,67694,67906,67700,67676,67215,66435,66502,66516,66699,66017,66103,66661
328,"Midland County, Michigan",83592,84063,83822,83919,83427,83632,83462,83411,83209,83156,83494,83457,83674
329,"Monroe County, Michigan",151932,151560,151048,150376,149824,149568,149208,149649,150439,150500,154809,155274,155609
330,"Muskegon County, Michigan",172068,171302,170182,171008,172344,172790,173408,173693,173588,173566,175824,176511,176565
331,"Oakland County, Michigan",1203012,1210145,1220657,1231640,1237868,1242304,1243970,1250836,1259201,1257584,1274395,1270017,1269431
332,"Ottawa County, Michigan",264055,266300,269099,272701,276292,279955,282250,286383,290494,291830,296200,299157,300873
333,"Saginaw County, Michigan",199911,199088,198353,196542,195012,193307,192326,191934,190800,190539,190124,189591,188330
334,"St. Clair County, Michigan",162789,161642,160644,160469,160078,159875,159587,159350,159337,159128,160383,160053,160151
335,"Shiawassee County, Michigan",70606,69841,69232,68900,68933,68619,68554,68446,68192,68122,68094,67877,68022
336,"Van Buren County, Michigan",76186,76131,75454,75455,75199,75077,75223,75353,75448,75677,75587,75658,75692
337,"Washtenaw County, Michigan",345290,347962,350946,354240,356874,358880,364709,367627,370963,367601,372258,369390,366376
338,"Wayne County, Michigan",1815734,1802096,1792365,1775273,1764804,1759335,1749366,1753616,1753893,1749343,1793561,1774816,1757043
339,"Anoka County, Minnesota",331302,333140,336414,339534,341864,344151,345957,351373,353813,356921,363887,367018,368864
340,"Carver County, Minnesota",91361,92638,93707,95562,97338,98741,100262,102119,103551,105089,106922,108626,110034
341,"Dakota County, Minnesota",399100,402006,405088,408509,412529,414686,417486,421751,425423,429021,439882,442038,443341
342,"Hennepin County, Minnesota",1154623,1168431,1184576,1198778,1212064,1223149,1232483,1252024,1259428,1265843,1281565,1267416,1260121
343,"Olmsted County, Minnesota",144509,145769,147066,149226,150287,151436,153102,154930,156277,158293,162847,163436,164020
344,"Ramsey County, Minnesota",509320,514696,520152,526714,532655,538133,540649,547974,550210,550321,552352,543257,536413
345,"St. Louis County, Minnesota",200155,200255,200319,200540,200949,200431,199980,200000,199754,199070,200231,199182,199532
346,"Scott County, Minnesota",130487,132556,135152,137232,139672,141660,143680,145827,147381,149013,150928,153268,154520
347,"Sherburne County, Minnesota",88691,89319,89455,90158,91126,91705,93528,94570,96036,97238,97183,99074,100824
348,"Stearns County, Minnesota",150785,151343,151606,152092,152912,154708,155652,157822,159256,161075,158292,158947,160405
349,"Washington County, Minnesota",238844,241280,244088,246603,249283,251597,253117,256348,259201,262440,267568,272256,275912
350,"Wright County, Minnesota",125118,126437,127336,128470,129918,131311,132550,134286,136349,138377,141337,144845,148003
351,"DeSoto County, Mississippi",161746,164053,166234,168240,170913,173323,175611,178751,182001,184945,185314,188633,191723
352,"Forrest County, Mississippi",75113,75842,76894,77059,76330,75944,75979,75471,75036,74897,78158,77875,78110
353,"Harrison County, Mississippi",187785,191040,194029,196500,199058,201410,203234,205027,206650,208080,208621,209396,211044
354,"Hinds County, Mississippi",245629,248184,248643,244899,243729,242891,241229,239497,237085,231840,227742,222679,217730
355,"Jackson County, Mississippi",139698,139901,140298,140450,141137,141425,141241,142152,143277,143617,143252,143987,144975
356,"Jones County, Mississippi",67870,68075,68641,68961,68290,68215,67953,67930,68461,68098,67246,66744,66569
357,"Lauderdale County, Mississippi",80229,80475,80220,80254,79739,78524,77755,76155,75317,74125,72984,72088,70904
358,"Lee County, Mississippi",83048,84156,85042,85340,85246,85300,85381,84933,85202,85436,83343,82883,82959
359,"Madison County, Mississippi",95552,96941,98468,100412,101688,103465,105114,104618,105630,106272,109145,109813,111113
360,"Rankin County, Mississippi",142018,143702,145165,146767,148070,149039,150228,152080,153902,155271,157031,158096,158979
361,"Boone County, Missouri",163232,165627,168535,170773,172717,174974,176594,178271,180005,180463,183610,185840,187690
362,"Buchanan County, Missouri",89144,89666,89706,89631,89486,89100,88938,89065,88571,87364,84793,83853,82911
363,"Cape Girardeau County, Missouri",75895,76632,76950,77320,78043,78572,78913,78161,78753,78871,81710,82113,82899
364,"Cass County, Missouri",99723,100052,100376,100641,100889,101603,102845,103724,104954,105780,107824,109638,110394
365,"Christian County, Missouri",77825,78570,79824,80899,82101,83279,84401,85432,86983,88595,88842,91499,93114
366,"Clay County, Missouri",222718,225161,227577,230473,233682,235637,239085,242874,246365,249948,253335,255518,257033
367,"Cole County, Missouri",76182,76448,76363,76699,76557,76720,76631,76708,76796,76745,77279,77205,76969
368,"Franklin County, Missouri",101508,101938,101412,101816,102084,102426,102838,103330,103670,103967,104682,105231,105879
369,"Greene County, Missouri",275414,277214,280626,283870,285865,288072,288690,289805,291923,293086,298915,300865,303293
370,"Jackson County, Missouri",675259,676360,677377,679996,683191,687623,691801,698895,700307,703011,717204,716862,716531
371,"Jasper County, Missouri",117770,118435,115258,116398,117543,118596,119111,120217,120636,121328,122761,123155,124075
372,"Jefferson County, Missouri",219084,219480,220209,221396,222716,224124,224226,223810,224347,225081,226739,227771,229336
373,"Platte County, Missouri",89677,90903,92054,93310,94788,96096,98309,101187,102985,104418,106718,108569,110534
374,"St. Charles County, Missouri",361602,365151,368666,373495,379493,385590,390918,395504,399182,402022,405262,409981,413803
375,"St. Francois County, Missouri",65498,65578,65917,66215,65960,66520,66627,66705,66692,67215,66922,67541,66969
376,"St. Louis County, Missouri",998881,998692,1000438,1001444,1001876,1003362,998581,996726,996945,994205,1004125,997187,990414
377,"St. Louis city, Missouri",319156,318069,318172,318416,317419,315685,311404,308626,302838,300576,301578,293310,286578
378,"Cascade County, Montana",81519,81837,81723,82384,82344,82278,81755,81654,81643,81366,84414,84511,84864
379,"Flathead County, Montana",90901,91301,91633,93068,94924,96165,98082,100000,102106,103806,104357,108454,111814
380,"Gallatin County, Montana",89658,91377,92614,94720,97308,100739,104502,107810,111876,114434,118960,122713,124857
381,"Missoula County, Montana",109494,110138,110977,111807,112684,114181,116130,117441,118791,119600,117922,119533,121041
382,"Yellowstone County, Montana",148432,150069,151882,154162,155634,157048,158437,158980,160137,161300,164731,167146,169852
383,"Douglas County, Nebraska",518777,524861,531265,537256,543244,550064,554995,561620,566880,571327,584526,585008,586327
384,"Lancaster County, Nebraska",286141,289800,293407,297036,301795,306468,309637,314358,317272,319090,322608,324514,324756
385,"Sarpy County, Nebraska",159709,162561,165853,169331,172193,175692,179023,181439,184459,187196,190604,193418,196553
386,"Clark County, Nevada",1954260,1969975,2000759,2027868,2069681,2114801,2155664,2204079,2231647,2266715,2265461,2292476,2322985
387,"Washoe County, Nevada",422528,425710,429908,433731,440078,446903,453616,460587,465735,471519,486492,493392,496745
388,"Cheshire County, New Hampshire",77049,76918,76851,76610,76115,75909,75774,75960,76493,76085,76458,77329,77350
389,"Grafton County, New Hampshire",89108,88923,89181,89629,89658,89320,88888,89386,89786,89886,91118,92201,91126
390,"Hillsborough County, New Hampshire",401057,401696,402922,403985,405184,406678,407761,409697,415247,417025,422937,424079,426594
391,"Merrimack County, New Hampshire",146400,146579,146761,146849,147171,147994,148582,149216,151132,151391,153808,155238,156020
392,"Rockingham County, New Hampshire",295360,296207,297820,299134,300621,301777,303251,306363,309176,309769,314176,316947,319424
393,"Strafford County, New Hampshire",123198,123857,124119,124593,125604,126825,127428,128613,130090,130633,130889,132416,132275
394,"Atlantic County, New Jersey",274685,274338,275422,275862,275209,274219,270991,269918,265429,263670,274534,274966,275638
395,"Bergen County, New Jersey",906541,911004,918888,925328,933572,938506,939151,948406,936692,932202,955732,953819,952997
396,"Burlington County, New Jersey",449149,449576,451336,450838,449722,450226,449284,448596,445384,445349,461860,464269,466103
397,"Camden County, New Jersey",513607,513241,513539,512854,511038,510923,510150,510719,507078,506471,523485,523771,524907
398,"Cape May County, New Jersey",97253,96601,96304,95897,95344,94727,94430,93553,92560,92039,95263,95661,95634
399,"Cumberland County, New Jersey",157149,157095,157785,157332,157389,155854,153797,152538,150972,149527,154152,153627,151356
400,"Essex County, New Jersey",784228,785137,787744,789565,795723,797434,796914,808285,799767,798975,863728,854917,849477
401,"Gloucester County, New Jersey",288581,289104,289586,290265,290951,291479,292330,292206,291408,291636,302294,304477,306601
402,"Hudson County, New Jersey",635294,641224,652302,660282,669115,674836,677983,691643,676061,672391,724854,702463,703366
403,"Hunterdon County, New Jersey",128373,128038,127050,126250,126067,125488,124676,125059,124714,124371,128947,129924,129777
404,"Mercer County, New Jersey",366789,367063,368303,370414,371537,371398,371023,374733,369811,367430,387340,385898,380688
405,"Middlesex County, New Jersey",810986,814217,823041,828919,836297,840900,837073,842798,829685,825062,863162,860807,861418
406,"Monmouth County, New Jersey",630966,631020,629384,629672,629279,628715,625846,626351,621354,618795,643615,645354,644098
407,"Morris County, New Jersey",492694,494976,497999,499397,499727,499509,498423,499693,494228,491845,509285,510981,511151
408,"Ocean County, New Jersey",577603,579369,580470,583414,586301,588721,592497,597943,601651,607186,637229,648998,655735
409,"Passaic County, New Jersey",501860,502007,502885,505672,508856,510916,507945,512607,503310,501826,524118,518117,513936
410,"Salem County, New Jersey",66058,65902,65774,65166,64715,64180,63436,62792,62607,62385,64837,65046,65117
411,"Somerset County, New Jersey",324194,324893,327707,330585,332568,333654,333751,335432,331164,328934,345361,345647,346875
412,"Sussex County, New Jersey",149239,148517,147442,145992,144909,143673,142522,141682,140799,140488,144221,145543,146084
413,"Union County, New Jersey",537661,539494,543976,548256,552939,555786,555630,563892,558067,556341,575345,572114,569815
414,"Warren County, New Jersey",108714,108339,107653,107379,106917,106869,106617,106798,105779,105267,109632,110731,110926
415,"Bernalillo County, New Mexico",664639,670968,673460,674221,675551,676685,676953,676773,678701,679121,676444,674393,672508
416,"McKinley County, New Mexico",71797,73664,73016,73308,74098,76708,74923,72564,72290,71367,72902,71780,69830
417,"Sandoval County, New Mexico",132330,134259,135588,136575,137608,139394,142025,142507,145179,146748,148834,151369,153501
418,"San Juan County, New Mexico",130145,128200,128529,126503,123785,118737,115079,126926,125043,123958,121661,120993,120418
419,"Santa Fe County, New Mexico",144606,145648,146375,147423,148164,148686,148651,148750,150056,150358,154823,155201,155664
420,"Valencia County, New Mexico",76759,77070,76631,76284,75817,75737,75626,75940,76456,76688,76205,77190,78080
421,"Albany County, New York",303833,303565,305455,306945,308171,309381,308846,309612,307117,305506,314848,313743,315811
422,"Bronx County, New York",1386657,1392002,1408473,1418733,1438159,1455444,1455720,1471160,1432132,1418207,1472654,1424948,1379946
423,"Broome County, New York",200272,199031,198060,197534,197349,196567,195334,193639,191659,190488,198683,197240,197117
424,"Cattaraugus County, New York",80229,79832,79458,78892,78600,77922,77677,77348,76840,76117,77042,76426,76439
425,"Cayuga County, New York",79978,79738,79552,79477,78823,78288,77861,77603,77145,76576,76248,75880,74998
426,"Chautauqua County, New York",134768,134368,133539,133080,132053,130779,129504,129046,127939,126903,127657,126807,126027
427,"Chemung County, New York",88824,88840,88911,88506,87770,87071,86322,85557,84254,83456,84148,83045,81426
428,"Clinton County, New York",82115,81945,81654,81591,81632,81251,81073,80980,80695,80485,79843,79596,78753
429,"Dutchess County, New York",297577,297999,297322,296916,296579,295754,294473,295568,293718,294218,295911,297112,297545
430,"Erie County, New York",918652,918028,919086,919866,922835,922578,921046,925528,919719,918702,954236,950683,950312
431,"Jefferson County, New York",116582,117910,120262,119504,119103,117635,114006,114187,111755,109834,116721,116295,116637
432,"Kings County, New York",2508340,2532645,2565635,2592149,2621793,2636735,2629150,2648771,2582830,2559903,2736074,2641052,2590516
433,"Madison County, New York",73439,73365,72382,72382,72369,71849,71329,70965,70795,70941,68016,67658,67097
434,"Monroe County, New York",744389,745625,747813,749606,749857,749600,747727,747642,742474,741770,759443,755160,752035
435,"Nassau County, New York",1341245,1344436,1349233,1352146,1358627,1361350,1361500,1369514,1358343,1356924,1395774,1390907,1383726
436,"New York County, New York",1586698,1601948,1619090,1626159,1636268,1644518,1643734,1664727,1628701,1628706,1694251,1576876,1596273
437,"Niagara County, New York",216546,216011,215124,214249,213525,212652,211758,211328,210433,209281,212666,211653,210880
438,"Oneida County, New York",234845,234287,233556,233585,232871,232500,231190,231332,229577,228671,232125,230274,228846
439,"Onondaga County, New York",467204,466960,466852,468387,468196,468463,466194,465398,461809,460528,476516,473236,468249
440,"Ontario County, New York",108116,108525,108519,109103,109707,109561,109828,109899,109864,109777,112458,112508,112707
441,"Orange County, New York",373355,374872,374512,375592,376099,377647,379210,382226,381951,384940,401310,404525,405941
442,"Oswego County, New York",122114,122228,121700,121165,120913,120146,118987,118478,117898,117124,117525,117387,118287
443,"Putnam County, New York",99713,99933,99607,99645,99487,99042,98900,99323,98892,98320,97668,97936,98045
444,"Queens County, New York",2233841,2247848,2272771,2296175,2321580,2339150,2333054,2358582,2278906,2253858,2405464,2331143,2278029
445,"Rensselaer County, New York",159428,159395,159835,159918,159774,160266,160070,159722,159442,158714,161130,160232,159853
446,"Richmond County, New York",469363,470467,470728,472621,473279,474558,476015,479458,476179,476143,495747,493494,491133
447,"Rockland County, New York",312183,315158,317757,320903,323866,326037,326780,328868,325695,325789,338329,339227,339022
448,"St. Lawrence County, New York",111894,111690,112232,111963,111400,111007,110038,109623,108047,107740,108505,108051,107733
449,"Saratoga County, New York",219960,220882,222133,223865,224921,226249,227053,229869,230163,229863,235509,237359,238797
450,"Schenectady County, New York",154889,155058,155124,155333,155735,154604,154553,155565,155350,155299,158061,158089,160093
451,"Steuben County, New York",98930,99033,99063,98650,98394,97631,96940,96281,95796,95379,93584,92948,92599
452,"Suffolk County, New York",1494434,1498816,1499273,1499738,1502968,1501587,1492583,1492953,1481093,1476601,1525920,1526344,1525465
453,"Sullivan County, New York",77500,76900,76793,76665,75943,74877,74801,75485,75498,75432,78624,79806,79658
454,"Tompkins County, New York",101620,101723,102554,103617,104691,104926,104871,104802,102793,102180,105740,105162,104777
455,"Ulster County, New York",182435,182448,181791,180998,180445,180143,179225,179417,178599,177573,181851,182951,182319
456,"Warren County, New York",65697,65831,65538,65337,64973,64688,64567,64532,64265,63944,65737,65618,65599
457,"Wayne County, New York",93753,93436,92962,92473,92051,91446,90798,90670,90064,89918,91283,90923,91125
458,"Westchester County, New York",950541,955899,961670,968802,972634,976396,974542,980244,967612,967506,1004457,997895,990427
459,"Alamance County, North Carolina",151528,153291,153920,154378,155792,158276,159688,162391,166436,169509,171415,173877,176353
460,"Brunswick County, North Carolina",107992,110097,112257,115301,118836,122765,126953,130897,136744,142820,136693,144215,153064
461,"Buncombe County, North Carolina",238832,241419,244490,247912,250539,253178,256088,257607,259103,261191,269452,271534,273589
462,"Burke County, North Carolina",90771,90904,90505,89842,89486,88842,88851,89293,90382,90485,87570,87611,87881
463,"Cabarrus County, North Carolina",178588,181468,184498,187226,192103,196762,201590,206872,211342,216453,225804,231278,235797
464,"Caldwell County, North Carolina",82998,82395,81930,81990,81484,81287,81449,81981,82029,82178,80652,80463,80492
465,"Carteret County, North Carolina",66685,67373,67632,68434,68811,68879,68890,68881,69524,69473,67686,68541,69380
466,"Catawba County, North Carolina",154389,154181,154339,154810,154534,155056,156459,157974,158652,159551,160610,161723,163462
467,"Cleveland County, North Carolina",98050,97489,97474,97047,97076,96879,97144,97334,97645,97947,99519,100359,100670
468,"Craven County, North Carolina",103908,104786,104770,104489,104510,103451,103445,102578,102912,102139,100720,100674,100874
469,"Cumberland County, North Carolina",320267,324885,324049,325871,326328,323838,327127,332546,332330,335509,334728,335508,336699
470,"Davidson County, North Carolina",162930,162697,163260,163420,164072,164622,164926,165466,166614,167609,168930,170637,172586
471,"Durham County, North Carolina",268454,273392,279641,288133,294460,300952,306212,311640,316739,321488,324833,326126,332680
472,"Forsyth County, North Carolina",351335,354952,358137,361220,365298,369019,371511,376320,379099,382295,382590,385523,389157
473,"Gaston County, North Carolina",206213,207031,208049,209420,211127,213442,216965,220182,222846,224529,227943,230856,234215
474,"Guilford County, North Carolina",489681,495279,500879,506610,512119,517600,521330,526953,533670,537174,541299,542410,546101
475,"Harnett County, North Carolina",115733,119256,122135,124987,126666,128140,130881,132754,134214,135976,133568,135966,138832
476,"Henderson County, North Carolina",106978,107927,108266,109540,111149,112655,114209,115708,116748,117417,116281,116829,118106
477,"Iredell County, North Carolina",159771,161202,162708,164517,166675,169866,172916,175711,178435,181806,186693,191968,195897
478,"Johnston County, North Carolina",169735,172595,174938,177967,181423,185660,191450,196708,202675,209339,215999,226504,234778
479,"Lincoln County, North Carolina",78450,78932,79313,79740,79829,81035,81168,82403,83770,86111,86810,89670,93095
480,"Mecklenburg County, North Carolina",923427,944373,969031,990977,1012539,1034070,1054835,1076837,1093901,1110356,1115482,1122276,1145392
481,"Moore County, North Carolina",88569,89352,90302,91587,93077,94352,95776,97264,98682,100880,99727,102763,105531
482,"Nash County, North Carolina",95938,96116,95708,95093,94357,93919,94005,93991,94016,94298,94970,95176,95789
483,"New Hanover County, North Carolina",203341,206189,209234,213267,216298,220358,223483,227198,232274,234473,225702,229018,234921
484,"Onslow County, North Carolina",179471,179719,183263,185220,187589,186311,187136,193893,197683,197938,204576,206160,207298
485,"Orange County, North Carolina",134197,135755,137941,140352,140420,141354,141796,144946,146027,148476,148696,148884,150477
486,"Pitt County, North Carolina",168817,171134,172554,174263,175354,175842,177220,179042,179914,180742,170243,172169,173542
487,"Randolph County, North Carolina",141960,142358,142466,142577,142778,142799,143416,143282,143351,143667,144171,145172,146043
488,"Robeson County, North Carolina",134473,135517,135496,134841,134760,134197,133235,132606,131831,130625,116530,116328,116663
489,"Rockingham County, North Carolina",93641,93329,92720,91878,91696,91758,91393,90949,90690,91010,91096,91266,91957
490,"Rowan County, North Carolina",138446,138019,138180,138323,138630,139142,139933,140644,141262,142088,146875,148150,149645
491,"Surry County, North Carolina",73694,73714,73561,73050,72968,72743,72113,72224,71948,71783,71359,71152,71403
492,"Union County, North Carolina",202206,205463,208520,212756,218568,222742,226606,231366,235908,239859,238267,243648,249070
493,"Wake County, North Carolina",906969,929780,952151,974289,998691,1024198,1046791,1072203,1092305,1111761,1129410,1150204,1175021
494,"Wayne County, North Carolina",122907,123697,124246,124583,124456,124132,124150,124172,123248,123131,117333,116835,117286
495,"Wilkes County, North Carolina",69287,68984,69306,69023,68838,68502,68740,68576,68557,68412,65969,65806,65784
496,"Wilson County, North Carolina",81359,81452,81867,81667,81401,81714,81661,81671,81455,81801,78784,78369,78449
497,"Burleigh County, North Dakota",81666,83145,85774,88457,90503,92991,94487,95030,95273,95626,98458,98933,99280
498,"Cass County, North Dakota",150230,152368,156157,162829,167005,171512,175249,177787,181516,181923,184525,186562,192734
499,"Grand Forks County, North Dakota",66991,66598,67472,69179,70138,70916,71083,70795,70770,69451,73170,72705,72413
500,"Allen County, Ohio",106205,106094,105141,105298,105040,104425,103742,103198,102663,102351,102206,101670,101115
501,"Ashtabula County, Ohio",101429,101345,100389,99811,99175,98632,98231,97807,97493,97241,97574,97337,97014
502,"Belmont County, Ohio",70319,70151,69671,69571,69461,69154,68673,68029,67505,67006,66497,65849,65509
503,"Butler County, Ohio",368630,369999,370589,371272,374158,376353,377537,380604,382378,383134,390357,390234,388420
504,"Clark County, Ohio",138193,137691,137206,136167,136554,135959,134786,134557,134585,134083,136001,135633,134831
505,"Clermont County, Ohio",197604,199139,199085,200218,201560,201973,203022,204214,205466,206428,208601,209642,210805
506,"Columbiana County, Ohio",107800,107570,106507,105893,105686,104806,103685,103077,102665,101883,101877,101310,100511
507,"Cuyahoga County, Ohio",1278208,1270294,1265111,1263154,1259828,1255921,1249352,1248514,1243857,1235072,1264817,1249387,1236041
508,"Delaware County, Ohio",175250,178341,181061,184979,189113,193013,196463,200464,204826,209177,214124,220740,226296
509,"Erie County, Ohio",77070,76751,76398,76048,75828,75550,75107,74817,74615,74266,75622,74852,74501
510,"Fairfield County, Ohio",146351,147066,147474,148867,150381,151408,152597,154733,155782,157574,158921,161064,162898
511,"Franklin County, Ohio",1165897,1178799,1195537,1212263,1231393,1251722,1264518,1291981,1310300,1316756,1323807,1321414,1321820
512,"Geauga County, Ohio",93408,93228,93680,93972,94295,94102,94060,93918,94031,93649,95397,95565,95469
513,"Greene County, Ohio",161605,162846,163587,163204,163820,164427,164765,166752,167995,168937,167966,168412,168456
514,"Hamilton County, Ohio",802252,800362,802038,804520,806631,807598,809099,813822,816684,817473,830639,826139,825037
515,"Hancock County, Ohio",74727,75056,75671,75773,75337,75573,75872,75754,75930,75783,74920,74656,74861
516,"Lake County, Ohio",230101,229885,229582,229857,229230,229245,228614,230117,230514,230149,232603,232023,231842
517,"Licking County, Ohio",166701,167248,167537,168375,169390,170570,172198,173448,175769,176862,178519,180401,181359
518,"Lorain County, Ohio",301449,301614,301478,302827,304216,305147,306365,307924,309461,309833,312964,315595,316268
519,"Lucas County, Ohio",441468,440005,437998,436393,435286,433689,432488,430887,429899,428348,431279,429191,426643
520,"Mahoning County, Ohio",238310,237270,235145,233869,233204,231900,230008,229796,229642,228683,228614,226762,225636
521,"Marion County, Ohio",66482,66212,66238,65905,65720,65355,65096,64967,65256,65093,65359,65291,64642
522,"Medina County, Ohio",172592,173262,173684,174915,176029,176395,177221,178371,179146,179746,182470,183092,183512
523,"Miami County, Ohio",102461,102857,103060,103439,103900,104224,104679,105122,106222,106987,108774,109264,110247
524,"Montgomery County, Ohio",535059,537602,534325,535846,533116,532258,531239,531542,532331,531687,537309,535840,533892
525,"Muskingum County, Ohio",86142,86237,85950,85231,85818,86290,86068,86149,86183,86215,86410,86408,86113
526,"Portage County, Ohio",161386,161624,161451,163862,161882,162275,161921,162277,162927,162466,161791,162382,161745
527,"Richland County, Ohio",124177,123510,122673,121773,121942,121707,121107,120589,121099,121154,124936,125195,125319
528,"Ross County, Ohio",78090,78249,77429,77910,77159,77170,77000,77313,76931,76666,77093,76891,76606
529,"Scioto County, Ohio",79506,79277,78477,78153,77258,76825,76088,75929,75502,75314,74008,73346,72194
530,"Stark County, Ohio",375321,375087,374868,375432,375736,375165,373612,372542,371574,370606,374853,373834,372657
531,"Summit County, Ohio",541565,539832,540811,541824,541943,541968,540300,541228,541918,541013,540428,537633,535882
532,"Trumbull County, Ohio",209936,209264,207406,206442,205175,203751,201825,200380,198627,197974,201977,201335,200643
533,"Tuscarawas County, Ohio",92542,92508,92392,92672,92788,92916,92420,92297,92176,91987,93263,92500,91937
534,"Warren County, Ohio",213192,214910,217241,219169,221659,224469,227063,228882,232173,234602,242337,246553,249778
535,"Wayne County, Ohio",114505,114611,114848,115071,115537,116063,116470,116038,115967,115710,116894,116710,116559
536,"Wood County, Ohio",125502,126355,128200,129264,129590,129730,130219,130492,130696,130817,132248,132472,131592
537,"Canadian County, Oklahoma",116237,119492,122560,126123,129582,133378,136532,139926,144447,148306,154405,161737,169149
538,"Cleveland County, Oklahoma",256895,261281,265638,269340,269908,274458,278655,279641,281669,284014,295528,297597,299587
539,"Comanche County, Oklahoma",125368,125815,126390,124937,125033,124648,122136,121526,120422,120749,121125,122063,123046
540,"Creek County, Oklahoma",70133,70467,70651,70470,70632,70892,71312,71704,71604,71522,71754,72029,72699
541,"Muskogee County, Oklahoma",71110,71003,70596,70303,69966,69699,69477,69086,68362,67997,66339,66146,66354
542,"Oklahoma County, Oklahoma",721178,732371,741781,755245,766215,776864,782970,787958,792582,797434,796292,798575,802559
543,"Payne County, Oklahoma",77448,77988,78399,79066,80264,80850,81131,81575,82040,81784,81646,81989,82794
544,"Pottawatomie County, Oklahoma",69608,70280,70760,71158,71811,71875,72290,72226,72679,72592,72454,73019,73533
545,"Rogers County, Oklahoma",86988,87706,88367,89044,89815,90802,91766,91444,91984,92459,95240,96695,98836
546,"Tulsa County, Oklahoma",605418,610599,613816,622409,629598,639242,642940,646266,648360,651552,669279,672858,677358
547,"Wagoner County, Oklahoma",73349,74098,75030,75700,75702,76559,77679,78657,80110,81289,80981,84050,86644
548,"Benton County, Oregon",85575,85928,86430,86591,86316,87572,89385,90951,92101,93053,95184,96017,97630
549,"Clackamas County, Oregon",376891,380207,383857,388263,394972,401515,408062,412672,416075,418187,421401,422537,423177
550,"Deschutes County, Oregon",157894,160338,162277,165954,170388,175268,181307,186875,191996,197692,198253,204801,206549
551,"Douglas County, Oregon",107638,107490,107164,106940,106972,107685,108457,109405,110283,110980,111201,111978,112297
552,"Jackson County, Oregon",203462,204822,206412,208545,210287,212567,216527,217479,219564,220944,223259,223734,221644
553,"Josephine County, Oregon",82807,82987,82930,83306,83599,84745,85904,86352,87393,87487,88090,88346,87730
554,"Klamath County, Oregon",64723,65552,65912,65910,65455,66016,66443,66935,67653,68238,69413,70164,70212
555,"Lane County, Oregon",351983,353416,354542,356212,358337,362895,369519,374748,379611,382067,382971,383189,382353
556,"Linn County, Oregon",116910,118122,118360,118765,119356,120547,122849,125047,127335,129749,128610,129839,130467
557,"Marion County, Oregon",316096,318872,319985,323614,326110,330700,336316,341286,346868,347818,345920,347119,346703
558,"Multnomah County, Oregon",737902,748031,759256,766135,776712,790294,799766,807555,811880,812855,815428,803377,795083
559,"Polk County, Oregon",75625,75993,76353,76794,77916,79391,81823,83696,85234,86085,87433,89164,89614
560,"Umatilla County, Oregon",76079,76725,76820,76720,76705,76531,76456,76985,77516,77950,80075,79988,80215
561,"Washington County, Oregon",531744,540410,547672,554996,562998,574326,582779,588957,597695,601592,600372,600811,600176
562,"Yamhill County, Oregon",99391,100000,100255,100725,101758,102659,105035,105722,107002,107100,107722,108239,108226
563,"Adams County, Pennsylvania",101485,101434,101482,101546,101714,102295,102180,102336,102811,103009,103852,104127,106027
564,"Allegheny County, Pennsylvania",1223583,1227066,1229338,1231527,1231255,1230459,1225365,1223048,1218452,1216045,1250578,1238090,1233253
565,"Armstrong County, Pennsylvania",68839,68568,68409,68107,67785,67052,66486,65642,65263,64735,65558,65093,64747
566,"Beaver County, Pennsylvania",170567,170414,170245,170115,169392,168871,167429,166140,164742,163929,168215,166624,165677
567,"Berks County, Pennsylvania",411850,412778,413491,413521,413691,415271,414812,417854,420152,421164,428849,429342,430449
568,"Blair County, Pennsylvania",127031,127099,127121,126314,125955,125593,124650,123457,122492,121829,122822,121767,121032
569,"Bucks County, Pennsylvania",625472,626854,627053,626976,626685,627367,626399,628341,628195,628270,646538,646098,645054
570,"Butler County, Pennsylvania",184059,184848,184970,185476,185943,186818,186847,187108,187888,187853,193763,194273,197300
571,"Cambria County, Pennsylvania",143498,143728,141584,140499,137732,136411,134732,133054,131730,130192,133472,132167,131441
572,"Carbon County, Pennsylvania",65220,65154,65006,64786,64441,63960,63594,63853,64227,64182,64749,65412,65460
573,"Centre County, Pennsylvania",154127,154722,155171,155403,158742,160580,161464,162660,162805,162385,158172,157527,158425
574,"Chester County, Pennsylvania",499797,503897,506575,509468,512784,515939,516312,519293,522046,524989,534413,538649,545823
575,"Clearfield County, Pennsylvania",81562,81445,81184,81174,81191,80994,80596,79685,79388,79255,80562,80082,77904
576,"Crawford County, Pennsylvania",88657,88740,87598,87376,87175,86484,86257,86159,85063,84629,83938,83351,82670
577,"Cumberland County, Pennsylvania",235861,237892,238614,241212,243762,246338,248506,250066,251423,253370,259469,262919,268579
578,"Dauphin County, Pennsylvania",268220,268977,269665,270937,271453,272983,273707,275710,277097,278299,286401,287400,288800
579,"Delaware County, Pennsylvania",559276,559494,561098,561973,562960,563894,563402,564696,564751,566747,576830,573849,575182
580,"Erie County, Pennsylvania",280686,280985,280646,280294,278443,278045,276207,274541,272061,269728,270876,269011,267689
581,"Fayette County, Pennsylvania",136446,136097,135660,134999,134086,133628,132733,131504,130441,129274,128804,126931,125755
582,"Franklin County, Pennsylvania",149834,150811,151275,152085,152892,153638,153851,154234,154835,155027,155932,156289,156902
583,"Indiana County, Pennsylvania",88847,89298,88218,87745,87706,86966,86364,84953,84501,84073,83246,82886,82957
584,"Lackawanna County, Pennsylvania",214367,214166,214477,213931,212719,211917,211321,210761,210793,209674,215896,215663,215615
585,"Lancaster County, Pennsylvania",520156,523594,526823,529600,533320,536624,538500,542903,543557,545724,552984,553652,556629
586,"Lawrence County, Pennsylvania",90968,90535,89871,89333,88771,88082,87294,87069,86184,85512,86070,85497,84849
587,"Lebanon County, Pennsylvania",133688,134311,135251,135486,136359,137067,138863,139754,141314,141793,143257,143493,144011
588,"Lehigh County, Pennsylvania",350106,352947,355245,355092,357823,360685,363147,366494,368100,369318,374557,375539,376317
589,"Luzerne County, Pennsylvania",320795,320651,321027,320103,318829,318449,316383,317343,317646,317417,325594,326053,326369
590,"Lycoming County, Pennsylvania",116143,116747,117168,116754,116508,116048,115248,113841,113664,113299,114188,113605,113104
591,"Mercer County, Pennsylvania",116558,116205,115655,115195,114884,114234,112913,111750,110683,109424,110652,109972,109220
592,"Monroe County, Pennsylvania",169896,169882,168798,167148,166314,166397,166098,168046,169507,170271,168327,169273,167198
593,"Montgomery County, Pennsylvania",801052,804210,808460,812376,816857,819264,821725,826075,828604,830915,856553,860578,864683
594,"Northampton County, Pennsylvania",298101,298476,299267,299791,300654,300813,302294,303405,304807,305285,312951,313628,318526
595,"Northumberland County, Pennsylvania",94366,94558,94428,94076,93944,93246,92541,92029,91083,90843,91647,91266,90133
596,"Philadelphia County, Pennsylvania",1528306,1536471,1547607,1553165,1560297,1567442,1567872,1580863,1584138,1584064,1603797,1576251,1567258
597,"Schuylkill County, Pennsylvania",148228,147513,147063,146920,145797,144590,143573,142569,142067,141359,143049,143264,143104
598,"Somerset County, Pennsylvania",77626,77405,76957,76520,76218,75522,75061,74501,73952,73447,74129,73627,72710
599,"Washington County, Pennsylvania",207875,208282,208716,208206,208187,208261,207981,207298,207346,206865,209349,209470,210383
600,"Westmoreland County, Pennsylvania",365012,364471,363395,362437,359320,357956,355458,352627,350611,348899,354663,353057,352057
601,"York County, Pennsylvania",435490,436770,437846,438965,440755,442867,443744,446078,448273,449058,456438,458696,461058
602,"Kent County, Rhode Island",166103,165535,164843,165035,165128,164801,164614,163760,163861,164292,170363,170715,171275
603,"Newport County, Rhode Island",82852,82695,82036,82397,82358,82423,82784,83460,82542,82082,85643,85264,84481
604,"Providence County, Rhode Island",627070,626709,628323,628600,631974,633473,633673,637357,636084,638931,660741,658221,657288
605,"Washington County, Rhode Island",127008,126563,125946,126259,126653,126517,126288,126150,126179,125577,129839,130592,130330
606,"Aiken County, South Carolina",160565,160682,162812,164176,164753,165829,167458,168179,169401,170872,168808,170776,174150
607,"Anderson County, South Carolina",187269,188488,189355,190641,192810,194692,196569,198759,200482,202558,203718,206908,209581
608,"Beaufort County, South Carolina",162989,164684,168049,171838,175852,179589,183149,186844,188715,192122,187117,191748,196371
609,"Berkeley County, South Carolina",178783,183525,189781,194020,198205,202786,210898,217937,221091,227907,229861,236701,245117
610,"Charleston County, South Carolina",351482,357704,365162,372803,381015,389262,396484,401438,405905,411406,408235,413024,419279
611,"Dorchester County, South Carolina",137476,140892,142496,145397,148469,152478,153773,156456,160647,162809,161540,163327,166133
612,"Florence County, South Carolina",137088,137862,137948,138326,139231,138900,138742,138566,138159,138293,137059,136504,136721
613,"Greenville County, South Carolina",452859,461299,467605,474266,482752,491863,498766,506837,514213,523542,525534,533834,547950
614,"Greenwood County, South Carolina",69703,69835,69756,69723,69520,69838,70133,70355,70741,70811,69351,69241,69267
615,"Horry County, South Carolina",270430,276340,282285,289650,298832,309199,322342,333268,344147,354081,351029,365579,383101
616,"Lancaster County, South Carolina",76889,77908,79089,80458,83160,85842,89594,92550,95380,98012,96016,100336,104577
617,"Laurens County, South Carolina",66500,66528,66223,66229,66533,66623,66777,66848,66994,67493,67539,67803,67965
618,"Lexington County, South Carolina",263406,267129,270406,273752,277888,281833,286196,290642,295032,298750,293991,300137,304797
619,"Oconee County, South Carolina",74359,74418,74627,75045,75192,75713,76355,77270,78374,79546,78607,79203,80180
620,"Orangeburg County, South Carolina",92346,91910,91476,90942,90090,89208,87903,87476,86934,86175,84223,82962,83094
621,"Pickens County, South Carolina",119217,119574,119670,119829,120368,121691,122863,123479,124937,126884,131404,132229,133462
622,"Richland County, South Carolina",385745,389116,393830,399256,401566,407051,409549,411592,414576,415759,416147,418307,421566
623,"Spartanburg County, South Carolina",284713,286868,288745,290969,293542,297302,301463,306854,313888,319785,327997,335864,345831
624,"Sumter County, South Carolina",107570,107460,108052,108123,107919,107480,107396,106847,106512,106721,105556,104758,104012
625,"York County, South Carolina",226971,230528,234635,239363,245346,251195,258526,266439,274118,280979,282090,288595,294248
626,"Minnehaha County, South Dakota",169987,171752,175037,179640,182882,185197,187318,188616,192876,193134,197214,199685,203971
627,"Pennington County, South Dakota",101348,102815,104347,105761,108242,108702,109372,110141,111729,113775,109222,111806,114461
628,"Anderson County, Tennessee",75160,75233,75416,75542,75528,75749,75936,76257,76482,76978,77123,77576,78913
629,"Blount County, Tennessee",123119,123901,124177,125099,126339,127253,128670,129929,131349,133088,135280,137605,139958
630,"Bradley County, Tennessee",99078,100055,101134,101848,102975,104091,104490,105560,106727,108110,108620,110162,110616
631,"Davidson County, Tennessee",628133,635475,648295,658602,668347,678889,684410,691243,692587,694144,715884,703953,708144
632,"Greene County, Tennessee",68797,69339,68819,68267,68335,68580,68615,68808,69087,69069,70152,70621,71405
633,"Hamilton County, Tennessee",337294,340855,345545,348673,351220,354098,357738,361613,364286,367804,366207,369135,374682
634,"Knox County, Tennessee",433108,436929,441311,444622,448644,451324,456132,461860,465289,470313,478971,486677,494574
635,"Madison County, Tennessee",98395,98255,98656,98733,98178,97610,97663,97643,97605,97984,98823,98775,99245
636,"Maury County, Tennessee",81141,81509,81990,83761,85515,87757,89981,92163,94340,96387,100974,104760,108159
637,"Montgomery County, Tennessee",173307,176619,184468,184119,189961,193479,195734,200182,205950,208993,220069,227900,235201
638,"Putnam County, Tennessee",72564,72958,73229,73525,74165,74553,75931,77674,78843,80245,79854,81188,82382
639,"Robertson County, Tennessee",66469,67106,66931,67383,68079,68570,69165,70177,71012,71813,72803,74098,75470
640,"Rutherford County, Tennessee",263740,268921,274454,281029,288906,298612,308251,317157,324890,332285,341486,352182,360619
641,"Sevier County, Tennessee",90072,91466,92512,93570,95110,95946,96673,97638,97892,98250,98380,99517,98789
642,"Shelby County, Tennessee",929030,935088,940764,939465,938803,938069,934603,936961,935764,937166,929744,924454,916371
643,"Sullivan County, Tennessee",156794,157419,156786,156595,157047,156791,156667,157158,157668,158348,158163,159265,160820
644,"Sumner County, Tennessee",161250,163686,166123,168888,172706,175989,180063,183545,187149,191283,196281,200557,203858
645,"Washington County, Tennessee",123338,124353,125094,125546,126242,126302,127440,127806,128607,129375,133001,134236,136172
646,"Williamson County, Tennessee",184035,188560,192911,198901,205226,211672,219107,226257,231729,238412,247726,255735,260815
647,"Wilson County, Tennessee",114537,116617,118961,121945,125376,128911,132781,136442,140625,144657,147737,151917,158555
648,"Angelina County, Texas",86953,87669,87597,87441,87750,88255,87791,87805,87092,86715,86395,86506,87101
649,"Bastrop County, Texas",74403,75115,74763,75825,78069,80527,82733,84761,86976,88723,97216,102058,106188
650,"Bell County, Texas",313000,315196,323037,326843,329140,334941,340411,347833,355642,362924,370647,379617,388386
651,"Bexar County, Texas",1723780,1756153,1785704,1817610,1855866,1897753,1928680,1958578,1986049,2003554,2009324,2028236,2059530
652,"Bowie County, Texas",92723,92793,93148,93487,93275,93389,93860,94012,94324,93245,92893,92581,92035
653,"Brazoria County, Texas",314494,319973,324769,330242,338124,346312,354195,362457,370200,374264,372031,379689,388181
654,"Brazos County, Texas",195693,197632,200665,203164,209152,215037,220417,222830,226758,229211,233849,237032,242014
655,"Cameron County, Texas",408054,414123,415557,417276,420392,422156,422135,423725,423908,423163,421017,423029,425208
656,"Collin County, Texas",788407,812226,834642,854778,885241,914127,939585,969603,1005146,1034730,1064465,1109462,1158696
657,"Comal County, Texas",109382,111963,114384,118480,123694,129048,134788,141009,148373,156209,161501,174986,184642
658,"Coryell County, Texas",75645,76508,77231,76192,75562,75503,74686,74913,74808,75951,83093,84232,85057
659,"Dallas County, Texas",2377351,2416014,2453843,2480331,2518638,2553385,2574984,2618148,2637772,2635516,2613539,2586050,2600840
660,"Denton County, Texas",667053,686406,707304,728799,753363,780612,806180,836210,859064,887207,906422,941647,977281
661,"Ector County, Texas",137145,140111,144325,149378,153904,159436,157462,157087,162124,166223,165171,161091,160869
662,"Ellis County, Texas",150462,152753,153969,155976,159317,163632,168499,173620,179436,184826,192455,202678,212182
663,"El Paso County, Texas",804338,820790,827398,827718,833487,835593,837918,840410,840758,839238,865657,867947,868763
664,"Fort Bend County, Texas",590350,606953,627293,652365,685345,716087,741237,764828,787858,811688,822779,858527,889146
665,"Galveston County, Texas",292607,295747,300484,306782,314198,322225,329431,335036,337890,342139,350682,355062,357117
666,"Grayson County, Texas",121145,121419,121935,122353,123534,125467,128235,131140,133991,136212,135543,139336,143131
667,"Gregg County, Texas",121854,123081,122658,123024,123204,124108,123745,123367,123707,123945,124239,124201,125443
668,"Guadalupe County, Texas",132431,135757,139841,143183,147250,151249,155265,159659,163694,166847,172706,177036,182760
669,"Harris County, Texas",4110771,4180894,4253700,4336853,4441370,4538028,4589928,4652980,4698619,4713325,4731145,4728030,4780913
670,"Harrison County, Texas",65766,66296,67450,66886,67336,66746,66534,66661,66726,66553,68839,69150,69955
671,"Hays County, Texas",158312,164050,168990,176026,185025,194739,204470,214485,222631,230191,241067,255397,269225
672,"Henderson County, Texas",78647,78826,79094,78675,79290,79545,79901,81064,82299,82737,82150,83667,84511
673,"Hidalgo County, Texas",780087,797810,806552,815996,831073,842304,849843,860661,865939,868707,870781,880356,888367
674,"Hunt County, Texas",86353,86531,87079,87048,88493,89844,92073,93872,96493,98594,99956,103394,108282
675,"Jefferson County, Texas",252390,252802,251813,252358,252235,254308,254679,256299,255001,251565,256526,253704,250830
676,"Johnson County, Texas",151211,152734,153441,154707,157456,159990,163274,167301,171361,175817,179927,187280,195506
677,"Kaufman County, Texas",103927,105358,106753,108568,111236,114690,118350,122883,128622,136154,145310,157768,172366
678,"Liberty County, Texas",75868,76206,76571,76907,78117,79654,81704,83658,86323,88219,91628,97621,101992
679,"Lubbock County, Texas",280237,283910,285760,289324,293974,299453,303137,305225,307412,310569,310639,314451,317561
680,"McLennan County, Texas",236028,238564,238707,241481,243441,245671,247934,251259,254607,256623,260579,263115,266836
681,"Midland County, Texas",136975,140308,146645,151468,155830,161077,162565,165049,172578,176832,169983,167969,171999
682,"Montgomery County, Texas",459018,471734,485047,499137,518947,537559,556203,570934,590925,607391,620443,648886,678490
683,"Nueces County, Texas",340480,343281,347691,352107,356221,359715,361350,361221,362265,362294,353178,353079,351674
684,"Orange County, Texas",81930,82487,82977,82957,83433,84260,84964,85047,83572,83396,84808,84742,84934
685,"Parker County, Texas",117283,118376,119712,121418,123164,126042,129441,133463,138371,142878,148222,156764,165834
686,"Potter County, Texas",121446,122285,122335,121661,121627,121802,120832,120458,119648,117415,118525,116547,115645
687,"Randall County, Texas",121208,123351,125082,126474,128220,130269,132501,134442,136271,137713,140753,143854,146140
688,"Rockwall County, Texas",79003,81290,83021,85245,87809,90861,93978,96788,100657,104915,107819,116381,123208
689,"San Patricio County, Texas",64586,64726,65600,66137,66915,67357,67655,67215,66893,66730,68755,69699,69954
690,"Smith County, Texas",210512,213381,214821,216080,218842,222936,225290,227727,230221,232751,233479,237186,241922
691,"Tarrant County, Texas",1817658,1849815,1880153,1911541,1945360,1982498,2016872,2054475,2084931,2102515,2110640,2126477,2154595
692,"Taylor County, Texas",131896,132755,133473,134117,135143,136051,136535,136290,137640,138034,143208,143326,145163
693,"Tom Green County, Texas",110679,111823,113281,114954,116608,118105,118386,118019,118189,119200,120003,119411,118892
694,"Travis County, Texas",1030806,1063130,1095584,1120954,1151145,1176558,1199323,1226698,1248743,1273954,1290188,1305154,1326436
695,"Victoria County, Texas",86878,87545,89269,90028,91081,92382,92467,92084,92035,92084,91319,90964,91065
696,"Walker County, Texas",68185,68087,68408,68817,69789,70699,71484,72245,72480,72971,76400,77977,78870
697,"Webb County, Texas",251632,256496,259172,262495,266673,269721,271193,274794,275910,276652,267114,267945,267780
698,"Wichita County, Texas",131685,130698,131559,132047,132355,131705,131838,132000,132064,132230,129350,130069,129978
699,"Williamson County, Texas",426645,442782,456232,471014,489250,508514,528718,547545,566719,590551,609017,643026,671418
700,"Cache County, Utah",113417,114699,115520,116909,118343,120783,122753,124438,127068,128289,133154,137417,140173
701,"Davis County, Utah",307856,311811,315809,322094,329692,336043,342281,347637,351713,355481,362679,367285,369948
702,"Salt Lake County, Utah",1033910,1048985,1063842,1079721,1091742,1107314,1121354,1135649,1152633,1160437,1185238,1186421,1186257
703,"Utah County, Utah",520049,530499,540504,551891,560974,575205,592299,606425,622213,636235,659399,684986,702434
704,"Washington County, Utah",138451,141666,144809,147800,151948,155602,160245,165662,171700,177556,180279,191226,197680
705,"Weber County, Utah",232228,234420,236640,238519,240475,243645,247560,251769,256359,260213,262223,267066,269561
706,"Chittenden County, Vermont",156705,157491,158504,159515,160531,161382,161531,162372,164572,163774,168323,168865,169301
707,"Albemarle County, Virginia",99150,100553,102251,103000,104489,105703,106878,107702,108718,109330,112395,113535,114534
708,"Arlington County, Virginia",209457,216004,221045,224906,226908,229164,230050,234965,237521,236842,238643,232965,234000
709,"Augusta County, Virginia",74192,74897,73658,73912,73862,74314,74997,75144,75457,75558,77487,77563,78064
710,"Bedford County, Virginia",68735,69246,69590,69825,76583,77724,77960,77974,78747,78997,79462,80131,80848
711,"Chesterfield County, Virginia",317102,320277,323856,327745,332499,335687,339009,343599,348556,352802,364548,370688,378408
712,"Fairfax County, Virginia",1086743,1100692,1118602,1130924,1137538,1142234,1138652,1148433,1150795,1147532,1150309,1139720,1138331
713,"Fauquier County, Virginia",62971,66320,66542,67207,68248,68782,69069,69465,70675,71222,72972,73815,74664
714,"Frederick County, Virginia",78511,79666,80317,81319,82377,83199,84421,86484,88355,89313,91419,93717,95051
715,"Hanover County, Virginia",99948,100342,100668,101330,101918,103227,104392,105923,107239,107766,109979,111603,112938
716,"Henrico County, Virginia",307435,310445,314932,318611,321924,325155,326501,327898,329261,330818,334389,333554,333962
717,"James City County, Virginia",67237,68200,68967,70516,72583,73147,74404,75524,76397,76523,78254,79882,81199
718,"Loudoun County, Virginia",315134,325405,336898,349679,363050,375629,385945,398080,406850,413538,420959,427592,432085
719,"Montgomery County, Virginia",94531,94342,95194,96207,97244,97653,98602,98559,98985,98535,99721,98473,98915
720,"Prince William County, Virginia",406110,419006,430289,438580,446094,451721,455210,463023,468011,470335,482204,484472,486943
721,"Roanoke County, Virginia",92389,92740,92901,93524,93785,94409,94031,93730,94073,94186,96929,96589,96914
722,"Rockingham County, Virginia",76413,76589,77391,77741,78171,78593,79744,80227,81244,81948,83757,84394,85397
723,"Spotsylvania County, Virginia",122853,124327,125684,127348,129188,130475,132010,133033,134238,136215,140032,143676,146688
724,"Stafford County, Virginia",129745,132133,134352,136788,139992,142003,144361,146649,149960,152882,156927,160877,163380
725,"York County, Virginia",65467,66134,66146,66269,66342,67837,67976,67739,67846,68280,70045,70915,71341
726,"Alexandria city, Virginia",140912,144301,146294,148892,150575,153511,155810,160035,160530,159428,159467,154706,155525
727,"Chesapeake city, Virginia",222986,225050,228417,230571,233371,235429,237940,240397,242634,244835,249422,251269,252488
728,"Hampton city, Virginia",137381,136401,136836,136699,136879,136454,135410,134669,134313,134510,137148,137746,138037
729,"Lynchburg city, Virginia",75686,76503,77113,78014,79047,79812,80212,80995,82126,82168,79009,79009,79287
730,"Newport News city, Virginia",180712,179611,180726,182020,182965,182385,181825,179388,178626,179225,186247,184587,184306
731,"Norfolk city, Virginia",243135,242628,245782,246139,245428,246393,245115,244703,244076,242742,238005,235089,232995
732,"Portsmouth city, Virginia",95696,95684,96470,96205,96004,96201,95252,94572,94632,94398,97915,97840,97029
733,"Richmond city, Virginia",204389,205533,210309,214114,217853,220289,223170,227032,228783,230436,226610,226604,229395
734,"Roanoke city, Virginia",96967,96714,97469,98465,99428,99897,99660,99837,99920,99143,100011,98865,97847
735,"Suffolk city, Virginia",84906,84930,85181,85728,86806,88161,89273,90237,91185,92108,94324,96194,98537
736,"Virginia Beach city, Virginia",439172,442707,447021,448479,450980,452745,452602,450435,450189,449974,459470,457672,455618
737,"Benton County, Washington",176455,180678,182398,184486,186486,190309,193686,198171,201877,204390,206873,210025,212791
738,"Chelan County, Washington",72735,73477,73687,73967,74588,75644,76338,76533,77036,77200,79074,79646,79926
739,"Clallam County, Washington",71515,71838,71863,72312,72715,73486,74570,75474,76737,77331,77155,78209,77805
740,"Clark County, Washington",427044,433418,438287,443817,451008,459495,467018,474643,481857,488241,503311,511404,516779
741,"Cowlitz County, Washington",102501,102478,101996,101860,102133,103468,105160,106910,108987,110593,110730,111524,111956
742,"Franklin County, Washington",79223,83455,85845,86638,87809,88807,90160,92125,94347,95222,96749,98268,98678
743,"Grant County, Washington",89744,91265,91723,91878,93147,93259,93546,95158,97331,97733,99123,100297,101311
744,"Grays Harbor County, Washington",72882,72546,71692,71078,70818,71122,71628,72697,73901,75061,75636,76841,77038
745,"Island County, Washington",78681,78971,79177,78801,79275,80593,82636,83159,84460,85141,86857,87432,86625
746,"King County, Washington",1937961,1969722,2007440,2044449,2079967,2117125,2149970,2188649,2233163,2252782,2269675,2252305,2266789
747,"Kitsap County, Washington",251809,254633,254991,253968,254183,260131,264811,266414,269805,271473,275611,274314,277673
748,"Lewis County, Washington",75487,75901,75621,75081,75128,75882,77066,78200,79604,80707,82149,84398,85370
749,"Pierce County, Washington",795628,807904,811681,819743,831928,843954,861312,876764,891299,904980,921130,925708,927380
750,"Skagit County, Washington",117102,118109,118222,118837,120365,121846,123681,125619,128206,129205,129523,130696,131179
751,"Snohomish County, Washington",715470,722400,733036,745913,759583,772501,787620,801633,814901,822083,827957,833540,840079
752,"Spokane County, Washington",472147,473761,475735,479398,484318,490945,499072,506152,514631,522798,539339,546040,549690
753,"Thurston County, Washington",253087,256591,258332,262388,265851,269536,275222,280588,286419,290536,294793,297977,298758
754,"Whatcom County, Washington",201628,203663,205262,206353,208351,212284,216800,221404,225685,229247,226847,228831,230677
755,"Yakima County, Washington",244485,247141,246977,247044,247687,248830,249636,250193,251446,250873,256728,256035,257001
756,"Berkeley County, West Virginia",104641,105750,107098,108706,110497,111901,113525,114920,117123,119171,122076,126069,129490
757,"Cabell County, West Virginia",96378,96653,96974,97133,97109,96844,95987,94958,93224,91945,94350,93418,92730
758,"Harrison County, West Virginia",69233,69436,69141,68972,68761,68714,68400,67811,67554,67256,65921,65158,64915
759,"Kanawha County, West Virginia",192976,192315,192179,191275,190223,188332,186241,183293,180454,178124,180745,177952,175515
760,"Monongalia County, West Virginia",96791,98528,100332,102274,103463,104236,104622,105030,106420,105612,105822,106387,106869
761,"Raleigh County, West Virginia",78904,79127,79021,78833,78241,77510,76601,75022,74254,73361,74591,73771,72882
762,"Wood County, West Virginia",86990,87120,86701,86569,86237,86452,85643,85104,84203,83518,84296,83624,83340
763,"Brown County, Wisconsin",248506,251412,253032,254586,256670,258718,260401,262052,263378,264542,268740,269591,270036
764,"Dane County, Wisconsin",489309,495959,503523,509939,516284,523643,531273,536416,542364,546695,561504,563951,568203
765,"Dodge County, Wisconsin",88748,88661,88415,88344,88574,88502,88068,87786,87847,87839,89396,89313,88282
766,"Eau Claire County, Wisconsin",98928,99879,100677,101438,101564,102105,102965,103671,104534,104646,105710,106452,106837
767,"Fond du Lac County, Wisconsin",101665,102079,101843,101798,101759,101973,102144,102548,103066,103403,104154,104362,103836
768,"Jefferson County, Wisconsin",83693,83943,84498,84509,84395,84559,84625,84832,85129,84769,84900,84943,85784
769,"Kenosha County, Wisconsin",166671,167293,167936,167757,168068,168437,168183,168521,169290,169561,169151,168732,167817
770,"La Crosse County, Wisconsin",114874,115572,116461,116713,118011,118212,118122,118274,118230,118016,120784,120433,120294
771,"Manitowoc County, Wisconsin",81349,80976,80671,80654,80160,79806,79536,79175,79074,78981,81359,81505,81172
772,"Marathon County, Wisconsin",134104,134400,134735,135416,135780,135868,135603,135732,135428,135692,138013,137648,137958
773,"Milwaukee County, Wisconsin",948944,952532,955205,956023,956406,957735,951448,952085,948201,945726,939489,928059,918661
774,"Outagamie County, Wisconsin",176912,177913,178816,180345,182006,183245,184526,186059,187365,187885,190705,191545,192127
775,"Ozaukee County, Wisconsin",86365,86568,86823,87054,87470,87850,88314,88429,89147,89221,91503,92497,93009
776,"Portage County, Wisconsin",70053,70084,70433,70380,70482,70408,70447,70474,70942,70772,70377,70468,70718
777,"Racine County, Wisconsin",195510,195388,194797,195041,195163,195080,195140,196071,196584,196311,197727,196896,195846
778,"Rock County, Wisconsin",160310,160092,160418,160739,161188,161448,161620,162309,163129,163354,163687,164381,164060
779,"St. Croix County, Wisconsin",84442,84922,85242,85930,86759,87513,88029,88703,89694,90687,93536,95044,96017
780,"Sheboygan County, Wisconsin",115472,115149,115009,114922,115290,115569,115427,115344,115456,115340,118034,117747,117841
781,"Walworth County, Wisconsin",102205,102931,102851,102945,103527,102804,102959,103082,103718,103868,106478,106799,105380
782,"Washington County, Wisconsin",131971,132386,132661,132739,133251,133674,134296,135101,135693,136034,136761,137175,137688
783,"Waukesha County, Wisconsin",389964,390730,392292,393843,395118,396488,398424,400621,403072,404198,406978,408756,410434
784,"Winnebago County, Wisconsin",167059,167699,168794,169541,169511,169546,169886,170414,171020,171907,171730,171623,170718
785,"Wood County, Wisconsin",74793,74785,74424,73959,73608,73435,73107,73126,73055,72999,74207,74070,73993
786,"Laramie County, Wyoming",92127,92680,94483,95809,96389,97121,98136,98327,98976,99500,100512,100863,100723
787,"Natrona County, Wyoming",75507,76366,78621,80973,81624,82178,81039,79547,79115,79858,79955,79555,79601
788,"Arecibo Municipio, Puerto Rico",96374,95816,94658,93396,91540,89648,87939,86066,82114,81966,87754,87053,86090
789,"Bayamn Municipio, Puerto Rico",207960,205693,202325,198958,194210,189159,184374,179565,170480,169269,185187,182673,181577
790,"Caguas Municipio, Puerto Rico",142749,142678,141392,139559,137032,134481,132164,129604,124434,124606,127244,126756,125136
791,"Carolina Municipio, Puerto Rico",176633,175129,172728,169597,165820,161884,158457,154489,147661,146984,154815,152993,151571
792,"Guaynabo Municipio, Puerto Rico",97864,97280,96226,94645,92799,90879,89307,87328,83787,83728,89780,89195,89057
793,"Mayagez Municipio, Puerto Rico",89028,87712,86034,84170,81915,79510,77748,75525,71986,71530,73077,71939,70609
794,"Ponce Municipio, Puerto Rico",166164,163727,160322,157118,153540,149028,145278,140859,133191,131881,137491,135084,132138
795,"San Juan Municipio, Puerto Rico",395074,389714,382299,374682,365575,355074,347052,337288,320967,318441,342259,337300,334776
796,"Toa Alta Municipio, Puerto Rico",73954,75105,75434,75292,74837,74368,73980,73217,71094,72025,66852,67569,66041
797,"Toa Baja Municipio, Puerto Rico",89513,88799,87582,85971,84165,82065,80207,78092,74623,74271,75293,74368,72783
798,"Trujillo Alto Municipio, Puerto Rico",74754,74490,73718,72581,71019,69615,68242,66675,63746,63674,67740,67211,66810
