,County,Total Owner-Occupied Units,Mort=Y,Mort=N,Mort/Income <10%,Mort/Income 10-14.9%,Mort/Income 15-19.9%,Mort/Income 20-24.9%,Mort/Income 25-29.9%,Mort/Income 30-34.9%,Mort/Income 35-39.9%,Mort/Income 40-49.9%,Mort/Income >=50%,GEO_ID
0,"Baldwin County, Alabama",76213,45042,4140,9567,8624,6230,3314,2430,1609,2145,6575,408,0500000US01003
1,"Calhoun County, Alabama",32866,14709,1392,3901,3860,1388,1300,1308,170,303,926,161,0500000US01015
2,"Cullman County, Alabama",28214,14037,1725,3467,3028,2138,698,486,837,99,1515,44,0500000US01043
3,"DeKalb County, Alabama",19244,7810,1361,1218,1316,1401,745,293,341,426,661,48,0500000US01049
4,"Elmore County, Alabama",26127,15754,1517,4473,3451,2816,1258,499,186,664,849,41,0500000US01051
5,"Etowah County, Alabama",29272,14120,807,3426,3505,1008,1962,605,641,850,1316,0,0500000US01055
6,"Houston County, Alabama",27900,16519,2081,4173,3233,2617,1331,778,404,606,1190,106,0500000US01069
7,"Jefferson County, Alabama",171088,103861,14451,21295,21071,15112,7813,3770,3568,5433,11157,191,0500000US01073
8,"Lauderdale County, Alabama",27320,15285,2051,4445,2911,2128,905,589,556,92,1608,0,0500000US01077
9,"Lee County, Alabama",47549,29136,3313,5998,6581,3230,3160,1446,1164,1383,2390,471,0500000US01081
10,"Limestone County, Alabama",31785,18696,2976,4051,3628,2907,1474,831,246,504,2079,0,0500000US01083
11,"Madison County, Alabama",113717,73536,12121,18286,13144,9607,4968,4106,1939,1707,7212,446,0500000US01089
12,"Marshall County, Alabama",26268,13132,1124,2674,2682,1757,1329,650,748,383,1731,54,0500000US01095
13,"Mobile County, Alabama",107098,63516,8601,15098,10701,7408,5355,4845,2380,2632,6066,430,0500000US01097
14,"Montgomery County, Alabama",55532,34933,3657,7367,7454,5251,2603,2109,893,1440,4005,154,0500000US01101
15,"Morgan County, Alabama",36795,20455,2638,3061,5604,2333,2231,935,1077,342,2187,47,0500000US01103
16,"St. Clair County, Alabama",28516,16338,1170,3778,3651,2547,2453,742,382,742,873,0,0500000US01115
17,"Shelby County, Alabama",71084,48436,6308,13157,9293,7447,4249,1421,1438,1554,3267,302,0500000US01117
18,"Talladega County, Alabama",23005,11116,2112,2331,1556,1303,1000,953,158,286,1399,18,0500000US01121
19,"Tuscaloosa County, Alabama",55020,34985,3212,6890,8960,5618,3613,1050,1307,1137,2923,275,0500000US01125
20,"Anchorage Municipality, Alaska",71357,50467,3532,9353,9335,8946,5037,4613,2199,2715,4596,141,0500000US02020
21,"Fairbanks North Star Borough, Alaska",22257,12867,130,1956,2428,3065,1114,1271,414,859,1630,0,0500000US02090
22,"Matanuska-Susitna Borough, Alaska",30352,20052,1413,3581,3666,3007,2175,1976,896,1684,1517,137,0500000US02170
23,"Apache County, Arizona",16349,2919,372,753,687,446,182,114,15,78,199,73,0500000US04001
24,"Cochise County, Arizona",35915,17147,1556,3607,3982,2936,1766,530,388,905,1116,361,0500000US04003
25,"Coconino County, Arizona",30466,14871,1397,2746,2869,1586,1333,1233,628,657,2395,27,0500000US04005
26,"Maricopa County, Arizona",1126463,751801,81601,150273,150848,107871,71239,44809,28621,36312,74831,5396,0500000US04013
27,"Mohave County, Arizona",75416,38814,3186,6311,7722,4349,4304,2840,1512,1798,6666,126,0500000US04015
28,"Navajo County, Arizona",29528,11161,993,2273,2668,1247,873,498,206,739,1086,578,0500000US04017
29,"Pima County, Arizona",285101,169093,16496,32800,30296,23562,17471,10762,7242,9105,19978,1381,0500000US04019
30,"Pinal County, Arizona",135203,83949,10524,13690,15813,11315,9444,5831,4790,5173,7068,301,0500000US04021
31,"Yavapai County, Arizona",83735,45042,3232,5303,7548,7282,5623,3286,3475,2306,6987,0,0500000US04025
32,"Yuma County, Arizona",56823,32526,3207,5286,5289,4677,3236,2164,1720,1097,5850,0,0500000US04027
33,"Benton County, Arkansas",78715,53177,5502,12747,14029,8005,4104,2226,1915,1353,3280,16,0500000US05007
34,"Craighead County, Arkansas",27679,16007,1935,4703,3776,1600,1402,438,167,539,1190,257,0500000US05031
35,"Faulkner County, Arkansas",30738,17928,2769,3642,3909,1990,1304,1362,241,1063,1473,175,0500000US05045
36,"Garland County, Arkansas",32420,15112,1468,3121,2968,2005,1131,1067,458,711,2103,80,0500000US05051
37,"Jefferson County, Arkansas",15709,7342,767,1472,1123,1630,612,441,152,481,636,28,0500000US05069
38,"Lonoke County, Arkansas",19771,11975,845,2581,2899,1304,1714,773,390,413,1056,0,0500000US05085
39,"Pulaski County, Arkansas",98980,61378,8195,13539,11730,10286,4052,3218,2129,3598,4042,589,0500000US05119
40,"Saline County, Arkansas",38670,21435,1781,6794,4206,3691,2297,728,562,475,901,0,0500000US05125
41,"Sebastian County, Arkansas",31350,17424,2415,3119,4336,2234,1616,825,323,516,1885,155,0500000US05131
42,"Washington County, Arkansas",53798,32999,2762,6899,8621,3975,2693,2881,1056,1832,2193,87,0500000US05143
43,"White County, Arkansas",20021,10606,825,1821,3380,1474,726,434,180,302,1418,46,0500000US05145
44,"Alameda County, California",328272,231278,16328,33505,45264,36264,25424,16816,11348,16002,29538,789,0500000US06001
45,"Butte County, California",47263,29269,2185,3013,5660,3986,3058,3009,1736,2584,4038,0,0500000US06007
46,"Contra Costa County, California",285619,204285,13033,28506,36470,30126,22124,15880,12246,14518,30025,1357,0500000US06013
47,"El Dorado County, California",58105,40174,2268,4996,6727,6161,5905,3685,2198,3322,4841,71,0500000US06017
48,"Fresno County, California",179791,118761,9215,16211,21723,18420,14240,7958,6026,7171,16368,1429,0500000US06019
49,"Humboldt County, California",31545,15962,980,1875,2347,2396,1789,1564,1455,932,2517,107,0500000US06023
50,"Imperial County, California",29870,17654,1555,2148,3743,2849,1107,1147,1217,1264,2483,141,0500000US06025
51,"Kern County, California",172830,114967,8789,16754,18106,17117,10396,8905,6970,7367,19250,1313,0500000US06029
52,"Kings County, California",24973,16160,1023,2546,3146,1563,1709,1782,1746,508,1968,169,0500000US06031
53,"Lake County, California",19973,9404,822,524,1198,1008,840,1386,660,940,2026,0,0500000US06033
54,"Los Angeles County, California",1552047,1052211,60749,119740,155532,145597,116474,80206,60635,89675,215717,7886,0500000US06037
55,"Madera County, California",31400,20862,1858,4125,3533,2366,2121,1059,885,1067,3431,417,0500000US06039
56,"Marin County, California",67369,44861,4191,4480,7274,6924,4460,4252,3217,3003,6975,85,0500000US06041
57,"Mendocino County, California",21814,10027,839,806,1473,1407,653,730,615,1305,2074,125,0500000US06045
58,"Merced County, California",51369,36892,2977,5107,5183,4143,4494,4278,2055,2181,6107,367,0500000US06047
59,"Monterey County, California",68051,41307,2629,5184,6617,5939,5378,2563,3005,2956,6887,149,0500000US06053
60,"Napa County, California",31585,20096,1407,1902,2716,2701,2044,2208,1369,1626,3976,147,0500000US06055
61,"Nevada County, California",33520,19494,992,1479,3014,2661,1389,1869,1205,1887,4846,152,0500000US06057
62,"Orange County, California",605552,400998,29488,51613,68410,56426,43283,33133,21592,29871,64035,3147,0500000US06059
63,"Placer County, California",118314,82278,6203,11385,13500,13438,9928,5904,4826,4642,12125,327,0500000US06061
64,"Riverside County, California",527528,361831,19709,45693,57678,51968,45343,31797,20480,27383,59189,2591,0500000US06065
65,"Sacramento County, California",336714,230062,15358,33316,42515,36209,26567,17802,13496,14443,29131,1225,0500000US06067
66,"San Benito County, California",14513,10489,761,556,2061,1866,702,1390,788,877,1433,55,0500000US06069
67,"San Bernardino County, California",422060,289537,17725,33757,47258,41944,32283,26063,18001,22732,48404,1370,0500000US06071
68,"San Diego County, California",639298,444080,25291,55657,73979,68187,50189,37546,28231,32334,70122,2544,0500000US06073
69,"San Francisco County, California",141935,88355,8585,11383,15370,11739,10653,5962,4058,5800,14278,527,0500000US06075
70,"San Joaquin County, California",153146,108092,6120,15011,17127,19075,12683,7027,5907,10158,14353,631,0500000US06077
71,"San Luis Obispo County, California",68511,43658,3049,5048,7516,6892,5374,3190,2761,2169,7659,0,0500000US06079
72,"San Mateo County, California",153348,100110,9350,15706,14288,14986,10881,7117,4920,5565,16885,412,0500000US06081
73,"Santa Barbara County, California",76565,47419,4008,6630,8223,5620,4205,4864,3330,3907,6539,93,0500000US06083
74,"Santa Clara County, California",357366,233503,21904,40584,39700,32563,24144,17594,11281,13212,31383,1138,0500000US06085
75,"Santa Cruz County, California",57911,35418,2156,4799,6646,5032,3398,3030,1753,3251,5048,305,0500000US06087
76,"Shasta County, California",48374,29155,2027,4217,5403,3737,3359,2314,1225,1936,4906,31,0500000US06089
77,"Solano County, California",102884,73883,3244,9303,12845,10849,8172,7006,4094,6373,11755,242,0500000US06095
78,"Sonoma County, California",119655,75312,6183,9116,12187,10706,7770,7199,4262,5482,12290,117,0500000US06097
79,"Stanislaus County, California",109921,72664,5015,13152,11275,10101,7208,5615,4192,4309,11174,623,0500000US06099
80,"Sutter County, California",20407,12268,760,1500,2614,1045,1406,876,1632,761,1674,0,0500000US06101
81,"Tehama County, California",15378,9516,385,630,1837,1025,1449,726,1334,798,1286,46,0500000US06103
82,"Tulare County, California",83709,54800,5816,8081,8850,10204,4210,3687,3459,3251,7113,129,0500000US06107
83,"Ventura County, California",182466,127729,8566,14255,19531,19021,15801,9776,7774,8699,22923,1383,0500000US06111
84,"Yolo County, California",42387,28088,2408,3994,5241,5552,3098,1599,1389,1257,3527,23,0500000US06113
85,"Yuba County, California",19487,13528,507,1242,2922,2169,912,1085,621,1616,2319,135,0500000US06115
86,"Adams County, Colorado",134864,97042,4728,16321,18315,14234,11897,8620,4904,7541,10482,0,0500000US08001
87,"Arapahoe County, Colorado",166036,120738,11020,18713,23950,19055,12661,7253,5894,8184,13416,592,0500000US08005
88,"Boulder County, Colorado",84061,55814,5452,11857,10304,7084,5415,2954,3566,2945,6237,0,0500000US08013
89,"Broomfield County, Colorado",19754,13103,1514,3095,2969,1503,1144,742,562,637,937,0,0500000US08014
90,"Denver County, Colorado",166123,125626,11116,20982,22616,19169,12202,8106,5983,7861,16732,859,0500000US08031
91,"Douglas County, Colorado",110030,84996,8240,14697,19514,14280,8136,5155,2898,3996,7857,223,0500000US08035
92,"El Paso County, Colorado",188822,132378,10515,22091,24511,21763,15877,8375,6828,7538,14244,636,0500000US08041
93,"Jefferson County, Colorado",171284,120144,10421,21992,24632,18994,14209,7715,5347,5875,10314,645,0500000US08059
94,"Larimer County, Colorado",98747,67284,6097,10329,14938,9478,6759,5427,3611,3222,7070,353,0500000US08069
95,"Mesa County, Colorado",49793,34405,2191,5606,6904,4904,2695,2062,1751,2313,5979,0,0500000US08077
96,"Pueblo County, Colorado",46844,27928,1301,3579,6434,4933,2536,1851,1305,2132,3712,145,0500000US08101
97,"Weld County, Colorado",95218,68899,5203,10223,13035,12647,8011,4458,3825,2515,8526,456,0500000US08123
98,"Capitol Planning Region, Connecticut",254833,163293,12151,31605,36261,25528,17311,10835,5043,7596,16725,238,0500000US09110
99,"Greater Bridgeport Planning Region, Connecticut",79174,50246,2280,7275,8123,6460,6378,3509,3986,2772,9335,128,0500000US09120
100,"Lower Connecticut River Valley Planning Region, Connecticut",56944,35648,3125,5814,6308,5700,4575,1708,2383,2534,3474,27,0500000US09130
101,"Naugatuck Valley Planning Region, Connecticut",119376,78693,4713,11605,13301,12685,9918,7554,4134,5041,9220,522,0500000US09140
102,"Northeastern Connecticut Planning Region, Connecticut",30566,20569,986,3330,4084,3325,1878,1757,1754,1277,2178,0,0500000US09150
103,"Northwest Hills Planning Region, Connecticut",36769,22191,1365,4016,3614,3475,2868,1005,1383,2052,2357,56,0500000US09160
104,"South Central Connecticut Planning Region, Connecticut",139704,89339,6810,13735,18575,13535,9118,7007,4670,4805,10771,313,0500000US09170
105,"Southeastern Connecticut Planning Region, Connecticut",75793,44468,2584,7887,9321,8826,5100,2228,2209,2172,3987,154,0500000US09180
106,"Western Connecticut Planning Region, Connecticut",156680,108697,9661,18096,19706,16914,9005,8148,5224,5897,14964,1082,0500000US09190
107,"Kent County, Delaware",54392,36667,2895,6728,7892,5703,4504,1706,1123,2421,3668,27,0500000US10001
108,"New Castle County, Delaware",156317,103137,11420,22119,21043,13140,8926,7738,3517,4223,10107,904,0500000US10003
109,"Sussex County, Delaware",87366,48332,5338,11117,9180,6663,5151,2072,1207,2890,4632,82,0500000US10005
110,"District of Columbia, District of Columbia",134120,99094,10834,16968,19634,13243,11545,6655,4348,4772,10489,606,0500000US11001
111,"Alachua County, Florida",62968,37339,2630,7537,9136,3835,3383,2686,1269,2814,3993,56,0500000US12001
112,"Bay County, Florida",52343,30086,2662,5002,4789,4801,4392,2616,1707,1373,2744,0,0500000US12005
113,"Brevard County, Florida",194909,113760,9453,20423,23168,18540,9555,6284,5259,6745,14052,281,0500000US12009
114,"Broward County, Florida",471737,275335,14260,31399,46781,36136,32284,22740,16486,21712,50060,3477,0500000US12011
115,"Charlotte County, Florida",75169,32557,2218,3794,4930,4849,3799,2906,1851,2784,5342,84,0500000US12015
116,"Citrus County, Florida",62133,28956,2062,4880,4814,3293,3595,1781,1676,3036,3660,159,0500000US12017
117,"Clay County, Florida",65089,45241,5387,9014,10487,5222,3947,2052,2211,1607,4878,436,0500000US12019
118,"Collier County, Florida",125968,60383,4514,7544,10743,8695,5439,4549,2824,3253,12553,269,0500000US12021
119,"Columbia County, Florida",19569,9594,1120,2349,1501,1537,1076,647,97,111,1021,135,0500000US12023
120,"Duval County, Florida",241189,158180,14577,28490,29797,23575,16362,11418,7510,8375,17139,937,0500000US12031
121,"Escambia County, Florida",84123,46814,3574,7509,8975,8659,5429,3225,1829,2391,4829,394,0500000US12033
122,"Flagler County, Florida",45087,24486,2045,3138,5113,3674,2334,1706,1925,1251,3102,198,0500000US12035
123,"Hernando County, Florida",65667,35596,3219,6125,5082,6046,3328,2848,1850,2790,3891,417,0500000US12053
124,"Highlands County, Florida",38126,14774,1701,2605,2952,2151,842,1019,83,950,2367,104,0500000US12055
125,"Hillsborough County, Florida",356946,232688,20195,38778,45660,32796,22515,15149,12029,14803,29699,1064,0500000US12057
126,"Indian River County, Florida",58017,26045,2503,5005,4393,3561,2567,1853,1455,822,3886,0,0500000US12061
127,"Lake County, Florida",126460,70287,5816,10994,13464,9453,8093,6884,3624,4881,6932,146,0500000US12069
128,"Lee County, Florida",250958,128907,8846,19929,21444,18351,14800,10579,7676,8243,18409,630,0500000US12071
129,"Leon County, Florida",62717,38865,4361,7864,7241,5154,4461,2278,959,2136,3815,596,0500000US12073
130,"Manatee County, Florida",130775,64132,5337,9276,11231,9827,5878,5348,3553,5425,7604,653,0500000US12081
131,"Marion County, Florida",128360,61750,4466,9912,11767,8371,6343,3753,2423,5431,8566,718,0500000US12083
132,"Martin County, Florida",54479,26200,2880,3584,4916,3044,2144,2053,1701,2108,3694,76,0500000US12085
133,"Miami-Dade County, Florida",507879,292430,20674,33653,39518,39862,28285,25720,17083,25010,60212,2413,0500000US12086
134,"Monroe County, Florida",21799,9685,533,792,1349,1007,1251,1121,399,754,2414,65,0500000US12087
135,"Nassau County, Florida",35887,22844,2116,4398,4485,4262,2162,870,801,1347,2203,200,0500000US12089
136,"Okaloosa County, Florida",59910,37224,2782,5278,6767,6302,4918,2835,2337,2379,3626,0,0500000US12091
137,"Orange County, Florida",309113,203613,17856,34328,35167,32042,20240,13711,7965,11740,28566,1998,0500000US12095
138,"Osceola County, Florida",94771,67526,3371,7418,12282,10730,5863,5392,4635,5715,11297,823,0500000US12097
139,"Palm Beach County, Florida",423738,223456,17782,26004,37874,28759,24968,18710,11905,14752,41175,1527,0500000US12099
140,"Pasco County, Florida",177652,102309,7172,19589,18850,13609,11284,6891,6414,5754,12229,517,0500000US12101
141,"Pinellas County, Florida",290258,152304,13290,23462,26468,21181,16185,11584,9077,8688,20566,1803,0500000US12103
142,"Polk County, Florida",206975,117541,8460,18578,19429,17453,12080,10436,6672,7270,16153,1010,0500000US12105
143,"Putnam County, Florida",24749,9015,1252,1437,917,1252,679,1312,366,416,1384,0,0500000US12107
144,"St. Johns County, Florida",101231,66294,4302,11023,14870,9633,6507,5894,2148,2611,8868,438,0500000US12109
145,"St. Lucie County, Florida",106953,60507,2865,6450,10195,7823,8998,5718,3526,3489,11210,233,0500000US12111
146,"Santa Rosa County, Florida",58491,37090,3510,7978,7138,3941,4030,3323,2111,1445,3292,322,0500000US12113
147,"Sarasota County, Florida",163504,79058,7726,11853,11988,10356,9296,5416,4740,6058,11074,551,0500000US12115
148,"Seminole County, Florida",122575,80983,7445,13419,15909,12355,8003,7132,4209,4143,7832,536,0500000US12117
149,"Sumter County, Florida",63509,27739,2249,3479,4663,3573,2205,2063,2573,1724,4915,295,0500000US12119
150,"Volusia County, Florida",177892,96891,7336,17151,16815,14424,9344,7012,3990,5618,14660,541,0500000US12127
151,"Walton County, Florida",27555,14920,708,2286,2444,2216,2402,1676,363,1428,1397,0,0500000US12131
152,"Barrow County, Georgia",24646,17391,1354,3543,3660,2238,1911,1163,562,1523,1136,301,0500000US13013
153,"Bartow County, Georgia",29569,18395,1802,3884,5610,2305,938,651,573,1163,1374,95,0500000US13015
154,"Bibb County, Georgia",32352,18914,2288,3771,3457,2455,1855,759,643,1493,2016,177,0500000US13021
155,"Bulloch County, Georgia",14902,8327,999,1925,1576,1394,648,122,616,538,509,0,0500000US13031
156,"Carroll County, Georgia",30881,19524,2189,3538,3995,3509,1634,1339,267,788,2160,105,0500000US13045
157,"Catoosa County, Georgia",20032,11471,1183,2675,2204,1482,1443,833,452,302,862,35,0500000US13047
158,"Chatham County, Georgia",68525,44566,3901,6949,7266,7122,3372,3754,3295,2322,6317,268,0500000US13051
159,"Cherokee County, Georgia",80350,59101,7211,12192,11156,9254,5577,3149,1734,2587,5852,389,0500000US13057
160,"Clarke County, Georgia",21325,12717,879,2347,3213,1518,1350,341,444,1085,1391,149,0500000US13059
161,"Clayton County, Georgia",57148,40345,2992,5506,8522,6959,4077,2639,2234,1637,5553,226,0500000US13063
162,"Cobb County, Georgia",198996,140539,17717,31278,29127,20637,12203,8676,4954,4981,10520,446,0500000US13067
163,"Columbia County, Georgia",43158,29393,1954,7173,7713,4276,2034,1959,630,1601,1762,291,0500000US13073
164,"Coweta County, Georgia",43554,29747,2608,5159,7363,4703,2877,1711,669,1414,3152,91,0500000US13077
165,"DeKalb County, Georgia",168212,118456,12776,23624,19970,17118,11563,7055,4732,6507,13979,1132,0500000US13089
166,"Dougherty County, Georgia",17104,9399,1133,915,1756,735,901,903,586,747,1696,27,0500000US13095
167,"Douglas County, Georgia",37135,25942,2523,4201,6065,4305,1933,2356,1682,702,1828,347,0500000US13097
168,"Effingham County, Georgia",19159,13342,1793,2361,3590,1716,1183,416,997,378,812,96,0500000US13103
169,"Fayette County, Georgia",35793,23975,2649,5272,5897,3223,1296,1749,970,754,2165,0,0500000US13113
170,"Floyd County, Georgia",24786,14844,1661,3915,2662,1727,1077,710,932,892,1174,94,0500000US13115
171,"Forsyth County, Georgia",76821,58758,6744,11523,14241,7960,5431,3185,1815,2526,5252,81,0500000US13117
172,"Fulton County, Georgia",257609,183781,22140,40252,36951,25385,15940,9228,7058,8054,18048,725,0500000US13121
173,"Glynn County, Georgia",24363,12021,1621,2703,2197,1408,880,554,566,783,1082,227,0500000US13127
174,"Gwinnett County, Georgia",217000,152272,13619,28796,32570,21294,14411,8301,6297,7304,19127,553,0500000US13135
175,"Hall County, Georgia",51922,32316,3512,5527,6686,5052,3569,1476,2089,1657,2701,47,0500000US13139
176,"Henry County, Georgia",65092,49636,4394,8567,9762,8687,5137,3093,1369,2686,5783,158,0500000US13151
177,"Houston County, Georgia",39749,25652,1900,7248,3927,3813,2292,1500,1356,1723,1893,0,0500000US13153
178,"Jackson County, Georgia",23489,16876,916,3033,4500,2528,1397,485,399,1251,2367,0,0500000US13157
179,"Liberty County, Georgia",12051,8111,848,1676,1646,1135,284,413,361,393,1355,0,0500000US13179
180,"Lowndes County, Georgia",25762,16322,1330,2421,3062,3433,1441,997,753,520,1847,518,0500000US13185
181,"Muscogee County, Georgia",40219,24488,2374,4786,4643,3172,1923,2057,1208,840,3408,77,0500000US13215
182,"Newton County, Georgia",30507,21325,1013,3974,4488,2879,3078,1239,908,630,2979,137,0500000US13217
183,"Paulding County, Georgia",47790,35502,1949,7859,9062,5706,3046,3167,1216,1274,2095,128,0500000US13223
184,"Richmond County, Georgia",42212,24667,3088,3713,4689,3639,2055,1853,1402,1121,2853,254,0500000US13245
185,"Rockdale County, Georgia",24601,17779,1991,1678,2145,4231,2431,1809,1142,622,1477,253,0500000US13247
186,"Spalding County, Georgia",16931,10515,1528,1404,2565,612,765,635,698,510,1548,250,0500000US13255
187,"Troup County, Georgia",16679,10638,1677,2316,1429,2408,786,379,382,529,671,61,0500000US13285
188,"Walker County, Georgia",19216,9752,1161,2676,2336,1045,610,518,519,271,529,87,0500000US13295
189,"Walton County, Georgia",28734,18685,2522,4646,2575,4060,908,706,479,1209,1389,191,0500000US13297
190,"Whitfield County, Georgia",22479,12211,1044,3065,3010,1499,905,330,516,746,1096,0,0500000US13313
191,"Hawaii County, Hawaii",55193,29731,1999,3861,5387,3956,2840,2070,1084,1846,6215,473,0500000US15001
192,"Honolulu County, Hawaii",201897,132838,9749,15067,18664,17195,15656,12782,8907,11910,21272,1636,0500000US15003
193,"Kauai County, Hawaii",15612,9607,1120,967,1746,890,525,707,295,904,2453,0,0500000US15007
194,"Maui County, Hawaii",36985,22208,1681,3184,2870,2375,2053,1082,1119,2680,4991,173,0500000US15009
195,"Ada County, Idaho",144331,99035,12378,18675,20219,15356,8685,5983,4629,4202,8604,304,0500000US16001
196,"Bannock County, Idaho",23867,14699,1755,3192,2867,2430,906,650,391,693,1757,58,0500000US16005
197,"Bonneville County, Idaho",31764,21060,2508,5097,3435,2480,1855,1072,798,1353,2372,90,0500000US16019
198,"Canyon County, Idaho",65768,43970,2706,7278,7675,7288,5478,2640,3072,2848,4650,335,0500000US16027
199,"Kootenai County, Idaho",50563,33141,2637,6862,6948,4434,2487,2212,1091,1804,4365,301,0500000US16055
200,"Twin Falls County, Idaho",24380,15924,1534,2818,3858,2187,1368,1018,799,610,1619,113,0500000US16083
201,"Champaign County, Illinois",45432,27786,2763,5394,6344,3945,2699,1077,1447,670,3256,191,0500000US17019
202,"Cook County, Illinois",1211068,764125,57298,125352,142891,111755,78334,53246,40142,42871,108053,4183,0500000US17031
203,"DeKalb County, Illinois",25086,15476,980,2806,2866,2831,1903,865,1154,927,1047,97,0500000US17037
204,"DuPage County, Illinois",263056,166941,14549,30189,33983,28755,17068,10392,6435,7514,17676,380,0500000US17043
205,"Kane County, Illinois",138895,91062,7328,15158,18755,15661,10803,6013,3470,5123,8661,90,0500000US17089
206,"Kankakee County, Illinois",28442,15811,1386,3582,3806,2189,1479,1071,411,391,1455,41,0500000US17091
207,"Kendall County, Illinois",36743,28132,1427,3941,5219,5957,4144,2536,1177,1118,2246,367,0500000US17093
208,"Lake County, Illinois",192177,120990,9978,20938,25812,19154,13482,9177,5078,5534,11110,727,0500000US17097
209,"LaSalle County, Illinois",33768,18625,2254,4066,5112,1969,1067,1051,66,1128,1814,98,0500000US17099
210,"McHenry County, Illinois",98837,68763,5544,12036,14871,12304,6848,4662,3243,2884,6110,261,0500000US17111
211,"McLean County, Illinois",44323,28278,2373,6562,6737,4260,2708,1930,1084,599,1706,319,0500000US17113
212,"Macon County, Illinois",31902,18126,1539,4546,4293,2977,962,1111,403,1015,1216,64,0500000US17115
213,"Madison County, Illinois",78343,46055,5280,9492,11998,5687,4737,1322,2263,1443,3679,154,0500000US17119
214,"Peoria County, Illinois",52691,31644,2956,6440,8901,4652,1832,2034,1069,1057,2352,351,0500000US17143
215,"Rock Island County, Illinois",43573,26335,2852,5608,5078,3909,1769,1759,721,1308,3183,148,0500000US17161
216,"St. Clair County, Illinois",70592,45828,3754,9957,10044,5841,4668,2543,1690,2822,4509,0,0500000US17163
217,"Sangamon County, Illinois",60765,35235,3280,7141,8245,4579,3658,1300,1301,1226,3709,796,0500000US17167
218,"Tazewell County, Illinois",43777,26203,2677,5547,6280,3245,2003,1342,1837,519,2712,41,0500000US17179
219,"Vermilion County, Illinois",20210,8880,1414,1889,2278,883,441,245,584,217,836,93,0500000US17183
220,"Will County, Illinois",202257,134628,7558,24027,26892,21358,16184,11036,5483,7981,13644,465,0500000US17197
221,"Williamson County, Illinois",20426,12236,1575,3066,2383,2015,911,349,487,651,724,75,0500000US17199
222,"Winnebago County, Illinois",77337,48854,4307,11758,10301,6773,4238,2567,1229,2539,5024,118,0500000US17201
223,"Allen County, Indiana",108411,70385,9761,16836,14744,10266,7189,3174,2000,1688,4292,435,0500000US18003
224,"Bartholomew County, Indiana",24409,14780,2240,3268,3383,2315,631,717,397,423,1406,0,0500000US18005
225,"Boone County, Indiana",23525,16101,2828,3714,4151,1321,962,922,397,171,1481,154,0500000US18011
226,"Clark County, Indiana",39378,26386,3880,5849,4573,4662,2006,1748,1130,916,1622,0,0500000US18019
227,"Delaware County, Indiana",31433,17698,2459,5062,3812,1430,1408,880,498,617,1357,175,0500000US18035
228,"Elkhart County, Indiana",50909,32106,5489,7078,5883,3984,3102,1067,1455,1340,2361,347,0500000US18039
229,"Floyd County, Indiana",24559,17360,2411,3846,4171,2797,1403,532,577,513,1008,102,0500000US18043
230,"Grant County, Indiana",20511,12368,1452,2130,2803,2190,510,749,532,554,1439,9,0500000US18053
231,"Hamilton County, Indiana",101881,74929,11099,20510,15627,10275,4660,3072,2258,3141,4232,55,0500000US18057
232,"Hancock County, Indiana",27363,19438,2700,4153,4402,2402,1011,1947,718,857,1171,77,0500000US18059
233,"Hendricks County, Indiana",51999,38071,4705,9400,9944,4495,3105,1121,1442,1331,2528,0,0500000US18063
234,"Howard County, Indiana",26564,16279,1353,4098,3323,2567,1430,895,560,761,1234,58,0500000US18067
235,"Johnson County, Indiana",47343,33004,4313,7057,8375,3577,2041,1705,1794,962,3089,91,0500000US18081
236,"Kosciusko County, Indiana",25243,16261,2091,4703,4435,1734,1168,662,564,362,542,0,0500000US18085
237,"Lake County, Indiana",137655,81822,8568,17268,16726,10515,9315,5099,3865,2647,7496,323,0500000US18089
238,"LaPorte County, Indiana",31219,18543,3115,3433,3866,2651,1223,1333,274,682,1905,61,0500000US18091
239,"Madison County, Indiana",38610,23435,3912,5273,4315,3265,2105,1427,848,878,1369,43,0500000US18095
240,"Marion County, Indiana",232665,159930,18550,38161,33388,18674,13775,8142,5715,7217,15657,651,0500000US18097
241,"Monroe County, Indiana",31574,20939,3171,5110,3728,3040,1607,936,912,1060,1375,0,0500000US18105
242,"Morgan County, Indiana",22165,13482,1622,3548,2809,1678,1844,240,157,460,1124,0,0500000US18109
243,"Porter County, Indiana",54822,37372,4847,7989,8237,4098,3878,2036,1193,1590,2923,581,0500000US18127
244,"St. Joseph County, Indiana",70312,43294,6392,10922,9008,6088,2760,2848,880,1733,2512,151,0500000US18141
245,"Tippecanoe County, Indiana",41028,26236,2409,7599,6367,2676,2607,1578,746,785,1452,17,0500000US18157
246,"Vanderburgh County, Indiana",51420,30564,2580,6584,7251,4846,2433,1758,966,1477,2452,217,0500000US18163
247,"Vigo County, Indiana",25448,16004,2077,3701,3882,2295,640,937,367,1283,822,0,0500000US18167
248,"Warrick County, Indiana",20510,11578,1589,2529,3262,1304,312,1046,397,312,827,0,0500000US18173
249,"Wayne County, Indiana",19332,11807,1330,2925,2451,1657,518,668,308,866,1077,7,0500000US18177
250,"Black Hawk County, Iowa",35649,21792,2047,4909,4708,4209,1523,1515,618,1030,1036,197,0500000US19013
251,"Dallas County, Iowa",30472,21112,2877,4294,5295,3063,1730,1035,1077,363,1253,125,0500000US19049
252,"Dubuque County, Iowa",29421,16610,1323,3935,3377,2353,1919,1153,283,1085,1115,67,0500000US19061
253,"Johnson County, Iowa",38648,23697,1314,5261,5816,5001,1922,1305,534,880,1422,242,0500000US19103
254,"Linn County, Iowa",70778,44017,3066,10208,10297,6845,4676,3176,1247,1554,2752,196,0500000US19113
255,"Polk County, Iowa",142623,100965,8174,23088,23253,14932,9587,5444,3538,4183,8392,374,0500000US19153
256,"Pottawattamie County, Iowa",26284,15985,1532,4130,3500,2721,1065,994,402,396,1222,23,0500000US19155
257,"Scott County, Iowa",50133,32680,3321,6991,6912,6148,3355,1861,688,1571,1595,238,0500000US19163
258,"Story County, Iowa",21472,12124,1567,2039,2861,2069,1434,672,340,275,867,0,0500000US19169
259,"Woodbury County, Iowa",27362,16292,1767,3469,3402,1772,1437,683,806,772,2163,21,0500000US19193
260,"Butler County, Kansas",20078,12526,897,2081,3567,2175,1191,1199,218,547,651,0,0500000US20015
261,"Douglas County, Kansas",26281,16921,1537,2146,4051,4111,1957,877,744,797,701,0,0500000US20045
262,"Johnson County, Kansas",168937,118614,10618,26644,25170,18526,11118,6942,4193,4936,10286,181,0500000US20091
263,"Leavenworth County, Kansas",23298,13891,250,2102,3851,1975,1316,1112,566,505,2214,0,0500000US20103
264,"Riley County, Kansas",11892,7123,570,1746,1636,970,551,862,228,279,281,0,0500000US20161
265,"Sedgwick County, Kansas",132653,80220,6201,18173,19511,12385,7245,3848,2571,2866,7137,283,0500000US20173
266,"Shawnee County, Kansas",49836,28194,2768,5034,6751,4899,2659,2134,444,1018,2271,216,0500000US20177
267,"Wyandotte County, Kansas",37563,20901,770,3630,3814,3873,2372,1436,1690,1545,1588,183,0500000US20209
268,"Boone County, Kentucky",40511,28633,3705,8294,5923,3606,1846,1299,782,1386,1760,32,0500000US21015
269,"Bullitt County, Kentucky",27106,17229,1189,3926,3449,3238,2389,1107,495,417,1019,0,0500000US21029
270,"Campbell County, Kentucky",28503,17691,2833,3886,3096,2981,1034,1127,706,971,984,73,0500000US21037
271,"Christian County, Kentucky",14145,8986,963,2432,1267,1538,599,566,350,322,855,94,0500000US21047
272,"Daviess County, Kentucky",28658,16770,1819,3440,3330,3035,1167,1146,1045,60,1728,0,0500000US21059
273,"Fayette County, Kentucky",76049,51101,5574,10778,11750,7174,4632,3171,1838,2532,3487,165,0500000US21067
274,"Hardin County, Kentucky",28740,17975,1770,3402,4672,2298,1294,742,950,1114,1640,93,0500000US21093
275,"Jefferson County, Kentucky",212995,133692,14483,26322,30199,17293,9942,7964,5632,7015,13694,1148,0500000US21111
276,"Kenton County, Kentucky",48320,32522,4228,8403,7164,4026,2877,1216,1099,965,2284,260,0500000US21117
277,"McCracken County, Kentucky",19506,11521,2014,3031,2714,1014,742,231,682,516,396,181,0500000US21145
278,"Madison County, Kentucky",22100,14296,1660,3614,2836,1324,1090,743,741,788,1500,0,0500000US21151
279,"Oldham County, Kentucky",19748,13643,982,3194,3462,2217,1146,917,231,414,1002,78,0500000US21185
280,"Pulaski County, Kentucky",18496,9728,1199,1697,1275,1776,1105,940,354,360,1002,20,0500000US21199
281,"Warren County, Kentucky",29974,19669,2043,4825,5321,2640,1829,847,480,443,1241,0,0500000US21227
282,"Ascension Parish, Louisiana",39915,25271,1727,6584,4818,4360,2269,1353,1431,1343,1386,0,0500000US22005
283,"Bossier Parish, Louisiana",33977,23187,2081,4527,5101,3508,1914,1800,1356,965,1878,57,0500000US22015
284,"Caddo Parish, Louisiana",55258,30520,3137,5663,6025,3182,3165,1559,1515,1546,4435,293,0500000US22017
285,"Calcasieu Parish, Louisiana",54314,26627,3528,5386,5001,4805,1531,1653,599,1029,3095,0,0500000US22019
286,"East Baton Rouge Parish, Louisiana",106614,66352,4759,11699,13431,9449,6209,4680,2414,4450,8556,705,0500000US22033
287,"Iberia Parish, Louisiana",18379,7692,704,1827,1496,749,486,440,262,738,990,0,0500000US22045
288,"Jefferson Parish, Louisiana",112290,58945,6474,10405,11128,7184,4960,3985,2978,3371,7943,517,0500000US22051
289,"Lafayette Parish, Louisiana",66181,38588,4568,6407,9358,5588,3608,2023,1076,1694,4107,159,0500000US22055
290,"Lafourche Parish, Louisiana",31361,14152,2598,1886,2575,2087,830,896,446,785,1870,179,0500000US22057
291,"Livingston Parish, Louisiana",45327,24104,2503,5166,5357,4123,1602,1757,520,959,1918,199,0500000US22063
292,"Orleans Parish, Louisiana",83061,47475,3251,6852,7794,6919,4149,3213,2930,3108,9005,254,0500000US22071
293,"Ouachita Parish, Louisiana",36478,17715,1829,4138,2573,2527,1954,654,812,1079,2149,0,0500000US22073
294,"Rapides Parish, Louisiana",33080,17399,1692,3203,3631,2403,2021,847,790,255,2433,124,0500000US22079
295,"St. Landry Parish, Louisiana",23228,8573,1287,1654,1536,817,412,581,386,738,943,219,0500000US22097
296,"St. Tammany Parish, Louisiana",82984,51954,4799,9447,8976,6813,6111,4118,1714,3770,6067,139,0500000US22103
297,"Tangipahoa Parish, Louisiana",37534,18188,2313,2709,4357,1943,1448,923,1551,948,1838,158,0500000US22105
298,"Terrebonne Parish, Louisiana",31840,14872,2257,1992,3993,1419,1697,554,367,690,1903,0,0500000US22109
299,"Androscoggin County, Maine",31805,20655,1072,4447,3982,2633,2602,1245,331,1028,3315,0,0500000US23001
300,"Aroostook County, Maine",22855,10297,931,2465,2078,1271,949,557,460,300,1274,12,0500000US23003
301,"Cumberland County, Maine",92457,59749,5548,10401,10924,7825,6526,4447,2994,3577,7317,190,0500000US23005
302,"Kennebec County, Maine",40228,22778,2213,4699,4314,3221,2953,1166,724,1169,2058,261,0500000US23011
303,"Penobscot County, Maine",44902,24937,3183,5208,4444,3981,2190,930,853,882,3183,83,0500000US23019
304,"York County, Maine",71840,46957,3017,6407,9899,8076,3858,4104,2468,3092,5958,78,0500000US23031
305,"Allegany County, Maryland",18030,8597,797,2777,1331,1154,407,324,538,322,947,0,0500000US24001
306,"Anne Arundel County, Maryland",170076,126544,14500,23929,25842,18128,11392,7886,5539,7028,11629,671,0500000US24003
307,"Baltimore County, Maryland",228756,156261,17246,30273,29864,24763,15936,8599,5287,5858,17177,1258,0500000US24005
308,"Calvert County, Maryland",30347,23697,2121,4074,4346,5008,2126,1198,913,1603,2308,0,0500000US24009
309,"Carroll County, Maryland",54011,39836,3761,7444,9036,6652,3589,3375,1282,1136,3032,529,0500000US24013
310,"Cecil County, Maryland",31181,20924,2134,3404,4355,2399,1977,1552,662,1526,2719,196,0500000US24015
311,"Charles County, Maryland",50798,41323,3924,6571,7742,6972,3663,3361,1544,2126,5225,195,0500000US24017
312,"Frederick County, Maryland",79332,62252,5753,11768,14688,11029,6348,3028,1790,2608,5201,39,0500000US24021
313,"Harford County, Maryland",80893,56083,5557,11975,13119,6814,5498,3161,2326,2308,5238,87,0500000US24025
314,"Howard County, Maryland",85697,62637,5284,12578,15119,9678,5258,3122,2558,2538,6352,150,0500000US24027
315,"Montgomery County, Maryland",257587,181440,19159,36187,37104,24597,16501,9833,9792,7828,19699,740,0500000US24031
316,"Prince George's County, Maryland",215810,168995,11689,29667,31705,24378,19277,12359,7890,9628,21483,919,0500000US24033
317,"St. Mary's County, Maryland",32325,22985,1955,6241,5326,3671,2574,942,572,355,1254,95,0500000US24037
318,"Washington County, Maryland",37824,23071,2180,5443,5033,2881,1654,1512,1247,1377,1744,0,0500000US24043
319,"Wicomico County, Maryland",25131,16311,2317,3548,2418,3124,1515,748,555,756,1210,120,0500000US24045
320,"Baltimore city, Maryland",121217,77968,7828,13548,13517,8628,7500,4585,4454,4101,12500,1307,0500000US24510
321,"Barnstable County, Massachusetts",88065,48582,3404,7570,7452,6521,5368,3284,2492,3035,9352,104,0500000US25001
322,"Berkshire County, Massachusetts",40855,24695,1906,4064,4883,4239,2235,1574,963,1006,3753,72,0500000US25003
323,"Bristol County, Massachusetts",144202,93808,6504,16619,17930,15043,10944,5707,4296,5203,11401,161,0500000US25005
324,"Essex County, Massachusetts",201088,140540,9774,22568,24812,21723,13243,11097,6988,9460,19680,1195,0500000US25009
325,"Franklin County, Massachusetts",22735,13480,976,1780,2596,2544,1238,1035,429,1006,1721,155,0500000US25011
326,"Hampden County, Massachusetts",112973,72470,4692,9600,13633,10884,8281,5986,4231,5112,9703,348,0500000US25013
327,"Hampshire County, Massachusetts",41755,24896,1681,3318,4736,5387,2908,1353,1163,1927,2410,13,0500000US25015
328,"Middlesex County, Massachusetts",392209,253590,21939,45891,47887,42633,27124,14255,10305,13606,29380,570,0500000US25017
329,"Norfolk County, Massachusetts",194662,129031,10580,20692,26516,19262,14043,8171,5694,7343,16282,448,0500000US25021
330,"Plymouth County, Massachusetts",157615,105665,7734,15130,21096,15375,11918,7373,6093,5609,14999,338,0500000US25023
331,"Suffolk County, Massachusetts",119119,81348,8464,13133,14210,10369,8194,4810,3316,4147,13682,1023,0500000US25025
332,"Worcester County, Massachusetts",215023,145188,9175,24257,30997,23723,16961,9163,5971,8626,16142,173,0500000US25027
333,"Allegan County, Michigan",39546,22276,2265,4841,5587,3561,1735,1108,792,1020,1367,0,0500000US26005
334,"Bay County, Michigan",33362,17811,2211,3988,3333,2330,1199,1322,1101,938,968,421,0500000US26017
335,"Berrien County, Michigan",47928,27296,2560,5505,5547,3559,2565,2112,936,1146,3096,270,0500000US26021
336,"Calhoun County, Michigan",40747,23645,2674,5341,3473,3460,2159,1710,1245,1480,1967,136,0500000US26025
337,"Clinton County, Michigan",25439,14883,1060,2967,4012,2486,1069,662,765,461,1401,0,0500000US26037
338,"Eaton County, Michigan",34720,21506,2408,4676,5123,3009,1713,1489,917,375,1676,120,0500000US26045
339,"Genesee County, Michigan",117702,67588,6403,13899,13415,9396,5629,3956,3569,2963,7793,565,0500000US26049
340,"Grand Traverse County, Michigan",30402,18431,2077,4119,3715,2450,1062,1070,704,834,1741,659,0500000US26055
341,"Ingham County, Michigan",71104,45288,3815,9443,8680,7132,4823,2900,2043,1762,4527,163,0500000US26065
342,"Ionia County, Michigan",18451,10833,648,2037,3480,1734,815,452,303,644,657,63,0500000US26067
343,"Jackson County, Michigan",46513,26135,2496,6558,5062,3437,2832,1702,1170,991,1887,0,0500000US26075
344,"Kalamazoo County, Michigan",68954,42840,4770,9883,8659,6334,3362,2676,2031,992,3917,216,0500000US26077
345,"Kent County, Michigan",176357,110846,12340,26880,23639,15171,10906,5364,3999,3892,8464,191,0500000US26081
346,"Lapeer County, Michigan",30352,18722,1750,4570,4061,2155,2363,1103,853,503,1364,0,0500000US26087
347,"Lenawee County, Michigan",30129,18027,1885,4140,3270,2575,1042,1225,666,929,2268,27,0500000US26091
348,"Livingston County, Michigan",67581,44950,5106,10568,9827,6239,3489,1817,1504,2516,3740,144,0500000US26093
349,"Macomb County, Michigan",269167,166157,17557,34302,34386,24107,16393,10469,6882,6140,15089,832,0500000US26099
350,"Marquette County, Michigan",19538,10394,1011,2938,1999,1561,1145,434,57,230,980,39,0500000US26103
351,"Midland County, Michigan",28068,16186,2367,4181,3647,1819,1622,848,402,504,705,91,0500000US26111
352,"Monroe County, Michigan",49904,29689,2656,7533,6316,4023,3455,1350,826,1394,2079,57,0500000US26115
353,"Montcalm County, Michigan",20636,11078,1207,2431,1831,1499,1410,425,377,618,1280,0,0500000US26117
354,"Muskegon County, Michigan",52818,29356,1942,6294,6698,4366,2413,1717,1232,1547,3029,118,0500000US26121
355,"Oakland County, Michigan",384692,247441,28035,55608,52473,33547,21338,12104,8388,10323,25125,500,0500000US26125
356,"Ottawa County, Michigan",85097,52305,5887,10896,13683,7702,4102,2430,2152,2149,3254,50,0500000US26139
357,"Saginaw County, Michigan",59819,31221,2858,6555,7748,3902,3119,2290,595,1181,2732,241,0500000US26145
358,"St. Clair County, Michigan",55231,32772,3079,6033,6502,4585,3100,1656,1565,1863,4180,209,0500000US26147
359,"Shiawassee County, Michigan",22847,13050,847,3483,3371,1209,1638,670,563,292,968,9,0500000US26155
360,"Van Buren County, Michigan",24999,14111,1605,2961,3002,1989,1151,606,257,851,1601,88,0500000US26159
361,"Washtenaw County, Michigan",92413,58569,3986,11052,11796,9615,6709,3860,1840,3907,5665,139,0500000US26161
362,"Wayne County, Michigan",452651,236968,20507,48499,46682,32718,21647,15321,8251,11721,30159,1463,0500000US26163
363,"Anoka County, Minnesota",110287,75870,6419,13529,19200,11804,8431,4965,2717,2948,5709,148,0500000US27003
364,"Blue Earth County, Minnesota",16826,10644,868,1893,2025,2408,798,643,588,356,977,88,0500000US27013
365,"Carver County, Minnesota",33501,24650,2299,5048,5717,4011,2351,1126,910,970,1699,519,0500000US27019
366,"Clay County, Minnesota",18403,11515,1407,2082,2394,1742,1356,821,330,734,649,0,0500000US27027
367,"Crow Wing County, Minnesota",23110,14321,1481,2404,2843,2040,1454,789,776,1133,1365,36,0500000US27035
368,"Dakota County, Minnesota",129508,89907,6325,19110,21833,12845,9704,6520,3015,3280,6841,434,0500000US27037
369,"Hennepin County, Minnesota",337265,232663,23447,47359,50750,36063,21358,12523,8778,8227,23137,1021,0500000US27053
370,"Olmsted County, Minnesota",47924,28357,3646,5990,6356,3993,2608,1696,1499,1086,1450,33,0500000US27109
371,"Ramsey County, Minnesota",136244,90963,6250,15906,17531,15733,9856,6486,4286,5020,9585,310,0500000US27123
372,"Rice County, Minnesota",17277,11236,805,2117,2191,1966,1089,788,446,575,1067,192,0500000US27131
373,"St. Louis County, Minnesota",61576,33698,2802,6972,7774,4680,2907,1837,1274,2408,2840,204,0500000US27137
374,"Scott County, Minnesota",45897,33125,3144,6746,7576,4190,4015,2625,1013,1346,2105,365,0500000US27139
375,"Sherburne County, Minnesota",30103,22754,1175,4637,5328,3872,1973,1480,1233,1171,1885,0,0500000US27141
376,"Stearns County, Minnesota",42044,25777,2140,4730,5600,4397,2502,1283,1466,1004,2527,128,0500000US27145
377,"Washington County, Minnesota",86306,59770,4154,12880,12439,11341,5085,2905,2896,2965,5091,14,0500000US27163
378,"Wright County, Minnesota",46068,32987,2085,6243,6882,6602,4116,2145,945,1639,2248,82,0500000US27171
379,"DeSoto County, Mississippi",55952,37428,2970,8976,7971,3774,4511,1441,1005,1593,5187,0,0500000US28033
380,"Forrest County, Mississippi",17656,10101,398,2212,1754,2001,1734,500,800,325,377,0,0500000US28035
381,"Harrison County, Mississippi",52057,29595,3009,5534,5248,5015,3068,1844,1110,1570,2983,214,0500000US28047
382,"Hinds County, Mississippi",52158,29679,2663,5839,5253,3985,3455,1946,1312,1623,3364,239,0500000US28049
383,"Jackson County, Mississippi",40555,21851,2309,4681,4133,2356,1507,1274,986,1513,2811,281,0500000US28059
384,"Jones County, Mississippi",19401,8476,1456,1502,2101,1212,998,228,234,67,678,0,0500000US28067
385,"Lamar County, Mississippi",16893,9405,758,1476,2363,1169,491,897,293,600,1358,0,0500000US28073
386,"Lauderdale County, Mississippi",19783,10011,1400,1526,2477,1499,486,328,235,780,1280,0,0500000US28075
387,"Lee County, Mississippi",21726,13324,2097,2510,3019,1912,1225,260,249,885,1067,100,0500000US28081
388,"Madison County, Mississippi",31178,20702,2985,3922,3521,2649,1873,1290,803,1683,1976,0,0500000US28089
389,"Rankin County, Mississippi",44402,26065,3439,5802,5204,3465,2227,1900,548,1816,1274,390,0500000US28121
390,"Boone County, Missouri",45471,27730,3312,6662,5743,4809,1860,1313,1268,1091,1414,258,0500000US29019
391,"Buchanan County, Missouri",22466,12507,993,3583,3245,1174,900,507,392,356,1357,0,0500000US29021
392,"Cape Girardeau County, Missouri",21123,12423,1113,3861,3009,1690,738,633,330,319,632,98,0500000US29031
393,"Cass County, Missouri",31391,19505,2091,3424,5043,2981,1748,1800,350,741,1287,40,0500000US29037
394,"Christian County, Missouri",27203,17094,1064,3560,3810,3856,907,1196,448,705,1529,19,0500000US29043
395,"Clay County, Missouri",69848,46287,3489,10657,9926,8130,4342,2641,2176,1193,3515,218,0500000US29047
396,"Cole County, Missouri",19582,11204,1397,3034,3041,1526,799,418,169,246,518,56,0500000US29051
397,"Franklin County, Missouri",32158,19279,2108,4873,4769,2685,1169,830,434,764,1534,113,0500000US29071
398,"Greene County, Missouri",74192,45686,3451,10684,9470,5629,5339,2865,1795,1771,4425,257,0500000US29077
399,"Jackson County, Missouri",182149,114961,10024,22603,21345,18861,11568,8742,5720,5599,9977,522,0500000US29095
400,"Jasper County, Missouri",31397,19134,1506,4797,3976,3102,2112,743,646,924,1142,186,0500000US29097
401,"Jefferson County, Missouri",73936,49207,4820,10041,13646,6671,4095,2936,1113,2082,3759,44,0500000US29099
402,"Platte County, Missouri",27041,18002,1951,3735,3955,2676,1803,938,495,978,1389,82,0500000US29165
403,"St. Charles County, Missouri",128003,90940,10542,20981,20714,13936,8511,4795,2692,2745,5997,27,0500000US29183
404,"St. Francois County, Missouri",16524,9139,1335,1804,1942,963,731,323,443,324,1219,55,0500000US29187
405,"St. Louis County, Missouri",282549,179422,22908,41194,36504,24617,15780,9184,4887,6620,16670,1058,0500000US29189
406,"St. Louis city, Missouri",69313,44232,5599,9275,8537,5704,5374,2001,1151,2081,4305,205,0500000US29510
407,"Cascade County, Montana",24482,14788,965,2526,2838,2390,1894,994,898,801,1440,42,0500000US30013
408,"Flathead County, Montana",32598,19071,1179,3384,3677,3470,1890,1215,841,607,2742,66,0500000US30029
409,"Gallatin County, Montana",33057,20347,1763,2521,4539,2289,1943,2061,1234,1396,2601,0,0500000US30031
410,"Lewis and Clark County, Montana",20628,12394,1020,2436,1500,2150,1498,1110,752,913,1015,0,0500000US30049
411,"Missoula County, Montana",31801,19982,1638,3557,4169,3365,2079,1230,1156,932,1856,0,0500000US30063
412,"Yellowstone County, Montana",49769,27260,2530,4538,4578,5871,3840,1590,798,1395,2019,101,0500000US30111
413,"Douglas County, Nebraska",145287,96833,8254,18464,25038,12830,10922,5545,3382,4138,7784,476,0500000US31055
414,"Lancaster County, Nebraska",78029,50716,4924,8828,11675,7507,4997,3850,2520,1381,4775,259,0500000US31109
415,"Sarpy County, Nebraska",52954,38870,3593,9474,9480,6215,2751,1712,1561,1449,2635,0,0500000US31153
416,"Clark County, Nevada",495742,343526,29743,52858,63921,51554,34758,23040,16443,20502,47891,2816,0500000US32003
417,"Washoe County, Nevada",119749,76276,7242,11654,13807,13345,8536,6529,3290,3820,7366,687,0500000US32031
418,"Cheshire County, New Hampshire",22982,14181,547,2363,3262,2194,1969,1344,519,973,949,61,0500000US33005
419,"Grafton County, New Hampshire",26559,13544,1174,2031,2186,1759,1791,1188,459,943,1822,191,0500000US33009
420,"Hillsborough County, New Hampshire",114760,75871,5414,11864,15827,11650,8142,7555,3536,5154,6702,27,0500000US33011
421,"Merrimack County, New Hampshire",45771,28835,2352,3695,5267,5331,3921,2772,1449,1455,2466,127,0500000US33013
422,"Rockingham County, New Hampshire",98044,63283,4033,8823,13968,13989,6793,3973,2294,3388,5886,136,0500000US33015
423,"Strafford County, New Hampshire",34649,21250,1504,3185,3665,4881,2629,1211,1208,1282,1685,0,0500000US33017
424,"Atlantic County, New Jersey",74931,42492,2718,4943,9396,6674,4566,3016,1373,3636,5842,328,0500000US34001
425,"Bergen County, New Jersey",233045,143673,9423,19674,27442,22136,14277,11055,8987,9324,20406,949,0500000US34003
426,"Burlington County, New Jersey",135057,87738,7499,15279,17553,13636,9484,5256,3738,5545,9305,443,0500000US34005
427,"Camden County, New Jersey",134618,85661,6323,14099,17185,14408,9425,5499,3744,4919,9692,367,0500000US34007
428,"Cape May County, New Jersey",37046,20314,1473,3780,2866,2147,2974,1271,948,831,3591,433,0500000US34009
429,"Cumberland County, New Jersey",36759,22103,1385,3774,4340,3176,1087,1870,1903,1675,2711,182,0500000US34011
430,"Essex County, New Jersey",148132,99291,7170,11535,15622,14363,13325,7421,7342,6588,15686,239,0500000US34013
431,"Gloucester County, New Jersey",90355,62142,3763,10219,13775,10357,5759,4717,2357,4361,6517,317,0500000US34015
432,"Hudson County, New Jersey",98457,63644,5285,8981,10591,8141,6222,5096,2975,4080,11882,391,0500000US34017
433,"Hunterdon County, New Jersey",43634,28822,2487,4338,5758,4674,4328,2547,1035,1513,2099,43,0500000US34019
434,"Mercer County, New Jersey",92391,60403,5643,9381,11660,8653,6556,4122,2947,3731,7476,234,0500000US34021
435,"Middlesex County, New Jersey",199382,124691,8024,18088,23457,22730,13270,9382,6705,7298,15538,199,0500000US34023
436,"Monmouth County, New Jersey",193351,121293,8575,19708,23347,19076,13942,8822,5789,7108,14202,724,0500000US34025
437,"Morris County, New Jersey",145497,97002,7952,14292,19544,16583,11313,7486,3103,5201,11485,43,0500000US34027
438,"Ocean County, New Jersey",195515,112410,6538,15402,22104,18337,12325,8648,5076,7984,15495,501,0500000US34029
439,"Passaic County, New Jersey",96083,62071,4242,7462,8962,9076,7307,4870,4151,5691,10310,0,0500000US34031
440,"Salem County, New Jersey",18889,10745,704,1387,2518,1842,946,593,344,1123,1082,206,0500000US34033
441,"Somerset County, New Jersey",100332,63780,5752,11210,12931,11932,6897,4116,2793,3694,4314,141,0500000US34035
442,"Sussex County, New Jersey",50049,33089,2483,5317,7108,5860,3473,2058,1122,2366,3259,43,0500000US34037
443,"Union County, New Jersey",115513,74856,5934,10692,14323,12457,7631,5344,3548,5234,9534,159,0500000US34039
444,"Warren County, New Jersey",33959,23588,1742,3035,5394,2880,3134,1932,691,1640,3108,32,0500000US34041
445,"Bernalillo County, New Mexico",189485,120545,9756,26771,21710,15905,10458,7858,6194,5569,15201,1123,0500000US35001
446,"Do√±a Ana County, New Mexico",57007,30614,3109,5470,5556,3867,2512,2201,1964,2197,3499,239,0500000US35013
447,"Lea County, New Mexico",18611,9161,596,2505,1123,1603,377,289,842,577,1143,106,0500000US35025
448,"McKinley County, New Mexico",15690,3798,452,602,1081,316,518,158,170,262,189,50,0500000US35031
449,"Otero County, New Mexico",17283,8568,1026,1605,959,1233,1299,551,648,398,849,0,0500000US35035
450,"Sandoval County, New Mexico",49515,31976,2902,5735,7286,6056,3921,1201,1211,1548,2116,0,0500000US35043
451,"San Juan County, New Mexico",29870,12750,1099,2041,2528,1149,1791,743,348,1059,1907,85,0500000US35045
452,"Santa Fe County, New Mexico",50409,28017,2468,3884,6162,3230,3006,2415,1053,1374,4068,357,0500000US35049
453,"Valencia County, New Mexico",25532,14299,1364,2398,2091,1651,1358,468,806,1406,2636,121,0500000US35061
454,"Albany County, New York",73258,42795,3868,8665,9551,7524,3393,1861,1505,2258,3995,175,0500000US36001
455,"Bronx County, New York",112839,64065,4254,6670,8965,7881,6286,3955,4147,4774,16777,356,0500000US36005
456,"Broome County, New York",51635,29104,2817,5959,6624,4633,2509,1203,872,2175,1875,437,0500000US36007
457,"Cattaraugus County, New York",23875,10600,1080,2383,1676,989,1397,628,588,662,959,238,0500000US36009
458,"Cayuga County, New York",22760,12429,1001,3034,2958,1550,881,608,597,535,1265,0,0500000US36011
459,"Chautauqua County, New York",37858,19038,2740,4173,3011,3061,1766,1331,614,706,1636,0,0500000US36013
460,"Chemung County, New York",23699,12439,861,2394,2306,1870,1704,718,384,421,1763,18,0500000US36015
461,"Clinton County, New York",22555,11744,929,3130,3169,1333,729,581,489,386,820,178,0500000US36019
462,"Dutchess County, New York",81481,51454,3325,5904,8486,10042,6412,3690,2578,4170,6774,73,0500000US36027
463,"Erie County, New York",269995,155761,18461,34461,32817,21860,14817,7947,5481,6748,12677,492,0500000US36029
464,"Jefferson County, New York",25380,13369,842,2958,2576,1997,1206,743,522,633,1851,41,0500000US36045
465,"Kings County, New York",302361,176181,17269,21975,22647,18921,16057,12326,9405,12782,42684,2115,0500000US36047
466,"Madison County, New York",21202,11588,1185,2593,2819,1697,1003,465,288,663,858,17,0500000US36053
467,"Monroe County, New York",203686,121950,12238,24245,25101,18740,9998,8089,5711,5982,11572,274,0500000US36055
468,"Nassau County, New York",371580,234714,13949,31035,36282,38344,26751,20423,14928,15250,37212,540,0500000US36059
469,"New York County, New York",195446,99829,17270,18418,13954,9653,6211,5666,3870,5701,18345,741,0500000US36061
470,"Niagara County, New York",64212,35039,4329,6821,6799,5874,2837,1905,1925,1989,2437,123,0500000US36063
471,"Oneida County, New York",65193,33107,3729,7135,7362,5361,3314,1120,879,1636,2524,47,0500000US36065
472,"Onondaga County, New York",130527,80957,8797,17991,17250,10407,8167,3871,3586,3092,6906,890,0500000US36067
473,"Ontario County, New York",33881,20207,1574,4377,4407,2644,2476,1399,943,448,1894,45,0500000US36069
474,"Orange County, New York",94037,62281,2772,7755,10673,9954,7577,5166,2900,3804,11513,167,0500000US36071
475,"Oswego County, New York",34293,18453,1945,3557,4033,2197,1451,964,712,566,2993,35,0500000US36075
476,"Putnam County, New York",31358,19187,982,2013,3742,3449,2468,966,1579,647,3226,115,0500000US36079
477,"Queens County, New York",374656,204464,12706,22890,28637,22446,18026,16098,13233,16261,52796,1371,0500000US36081
478,"Rensselaer County, New York",41953,25001,2331,5643,5283,3569,2976,1554,971,613,1999,62,0500000US36083
479,"Richmond County, New York",116700,74516,5056,9788,11671,9411,9026,5430,2975,4296,16349,514,0500000US36085
480,"Rockland County, New York",71414,44480,2594,5072,7156,7434,4980,2621,3533,3188,7739,163,0500000US36087
481,"St. Lawrence County, New York",31472,15019,1586,3166,3860,2262,1016,590,463,654,1380,42,0500000US36089
482,"Saratoga County, New York",71678,45691,3716,9146,11287,8572,3588,2364,1767,1916,3335,0,0500000US36091
483,"Schenectady County, New York",44019,26571,1586,6470,5919,3901,3229,1537,608,903,2275,143,0500000US36093
484,"Steuben County, New York",29498,14421,1788,3284,2652,1859,1792,692,603,678,1073,0,0500000US36101
485,"Suffolk County, New York",418075,265199,14476,29426,41817,43748,29800,27045,15833,21536,40830,688,0500000US36103
486,"Sullivan County, New York",21777,11139,1061,1453,2333,1746,1391,668,545,675,1267,0,0500000US36105
487,"Tompkins County, New York",23707,12171,889,2221,2422,1937,1910,1196,341,583,617,55,0500000US36109
488,"Ulster County, New York",50850,30126,3010,3819,6882,3881,2013,2478,1587,2099,4357,0,0500000US36111
489,"Warren County, New York",22111,12493,977,2271,2267,1746,1254,841,522,859,1756,0,0500000US36113
490,"Wayne County, New York",30337,19839,1619,4371,3935,3186,1319,533,1318,928,2560,70,0500000US36117
491,"Westchester County, New York",233898,143602,13894,20247,24263,21367,14867,9087,8283,10549,20452,593,0500000US36119
492,"Alamance County, North Carolina",43808,26847,2706,6639,6666,3527,2319,1659,796,1133,1394,8,0500000US37001
493,"Brunswick County, North Carolina",58916,35808,2987,7022,5650,4562,5163,2378,1383,2001,4652,10,0500000US37019
494,"Buncombe County, North Carolina",67595,39837,3957,6752,7742,6493,4336,2531,1473,1923,4425,205,0500000US37021
495,"Burke County, North Carolina",29331,16410,1557,3242,4115,2274,892,787,789,759,1995,0,0500000US37023
496,"Cabarrus County, North Carolina",60325,41928,5470,10538,9617,3947,2982,2855,2598,1502,2272,147,0500000US37025
497,"Caldwell County, North Carolina",24513,13421,1374,2039,3202,2157,1586,1125,519,234,1100,85,0500000US37027
498,"Carteret County, North Carolina",22627,11950,1110,1840,2925,1364,1567,604,584,646,1281,29,0500000US37031
499,"Catawba County, North Carolina",49384,29683,4030,7041,5120,4733,3041,1750,692,1028,2064,184,0500000US37035
500,"Chatham County, North Carolina",26637,15143,1920,1840,3250,3397,1711,592,541,734,1158,0,0500000US37037
501,"Cleveland County, North Carolina",27155,13543,1737,2959,2285,1226,1006,1385,697,854,1287,107,0500000US37045
502,"Craven County, North Carolina",30806,19126,2727,4021,3202,2037,2044,923,968,1182,1871,151,0500000US37049
503,"Cumberland County, North Carolina",73472,47769,4850,9278,8683,6010,5135,3770,1936,2933,5018,156,0500000US37051
504,"Davidson County, North Carolina",50518,28999,4946,5725,4865,3724,3204,1659,969,1312,2535,60,0500000US37057
505,"Durham County, North Carolina",77779,55510,7149,15153,8602,7891,5206,2436,1735,2123,4778,437,0500000US37063
506,"Forsyth County, North Carolina",98287,60816,8797,12582,11931,8519,4072,3188,2207,3226,6067,227,0500000US37067
507,"Franklin County, North Carolina",22593,13914,1751,3312,3290,2001,1236,353,375,599,997,0,0500000US37069
508,"Gaston County, North Carolina",65588,41341,4348,9821,8158,5491,3846,2654,1419,1701,3852,51,0500000US37071
509,"Guilford County, North Carolina",131873,85858,10239,19512,17086,10094,7201,5419,3822,4064,7243,1178,0500000US37081
510,"Harnett County, North Carolina",36821,24492,2622,4609,3989,4615,1266,1498,825,1198,3440,430,0500000US37085
511,"Henderson County, North Carolina",38326,20340,2375,4345,3254,3047,1700,1187,1107,844,2390,91,0500000US37089
512,"Iredell County, North Carolina",52860,33809,4463,6860,6426,5517,3119,1516,1071,1690,3102,45,0500000US37097
513,"Johnston County, North Carolina",67768,46682,5262,11342,10095,7080,4701,1829,993,2091,3209,80,0500000US37101
514,"Lee County, North Carolina",15717,10393,767,2420,2392,1104,1143,388,116,743,1242,78,0500000US37105
515,"Lincoln County, North Carolina",30605,19379,1989,5722,3486,2453,1180,1349,415,596,1945,244,0500000US37109
516,"Mecklenburg County, North Carolina",259016,193070,28620,45150,36320,24063,15472,10270,6695,8022,17279,1179,0500000US37119
517,"Moore County, North Carolina",34510,20251,2824,4105,3834,3459,1778,923,1304,470,1471,83,0500000US37125
518,"Nash County, North Carolina",24393,14334,1653,3091,3268,1593,1165,1150,599,1002,779,34,0500000US37127
519,"New Hanover County, North Carolina",64449,41417,3991,6483,7517,6922,3994,3200,1238,2728,5344,0,0500000US37129
520,"Onslow County, North Carolina",48643,34899,3251,6503,5993,5269,3957,2466,2044,3352,1876,188,0500000US37133
521,"Orange County, North Carolina",39009,23458,3246,4084,6043,3066,1654,1586,1007,987,1741,44,0500000US37135
522,"Pender County, North Carolina",22476,14678,1184,2024,2722,3118,1356,584,241,1035,2352,62,0500000US37141
523,"Pitt County, North Carolina",39591,24980,1835,5603,4646,5180,2644,778,1195,1223,1876,0,0500000US37147
524,"Randolph County, North Carolina",43406,24992,2508,5567,4325,3672,1839,2205,761,896,3049,170,0500000US37151
525,"Robeson County, North Carolina",28807,10390,975,1686,1847,1384,986,914,467,440,1418,273,0500000US37155
526,"Rockingham County, North Carolina",29078,14251,1747,3968,1912,1168,1303,756,439,1017,1796,145,0500000US37157
527,"Rowan County, North Carolina",43983,27815,3473,6829,5902,3782,1547,1214,593,1616,2859,0,0500000US37159
528,"Surry County, North Carolina",22616,10871,1205,2910,2112,1191,620,510,327,529,1188,279,0500000US37171
529,"Union County, North Carolina",67993,47615,4980,11705,10463,6707,3753,1541,1806,2318,3809,533,0500000US37179
530,"Wake County, North Carolina",288778,212064,24412,50428,49647,27780,17489,11005,7389,7385,16007,522,0500000US37183
531,"Wayne County, North Carolina",28807,15660,1683,2642,3080,2651,1726,637,616,185,2440,0,0500000US37191
532,"Wilkes County, North Carolina",19719,8670,518,2377,1235,1187,933,567,284,447,1082,40,0500000US37193
533,"Wilson County, North Carolina",20798,12074,663,2254,2674,1987,938,290,887,590,1791,0,0500000US37195
534,"Burleigh County, North Dakota",29921,17544,394,3084,3704,4423,1407,1179,867,519,1967,0,0500000US38015
535,"Cass County, North Dakota",43943,28281,2083,5468,6901,4952,2341,2300,1043,916,2277,0,0500000US38017
536,"Grand Forks County, North Dakota",17225,10145,692,2188,2101,1660,889,371,664,750,830,0,0500000US38035
537,"Ward County, North Dakota",19290,11475,1132,1696,1862,3170,798,756,882,317,814,48,0500000US38101
538,"Allen County, Ohio",28010,15481,1805,4625,3379,1722,1314,449,451,643,1034,59,0500000US39003
539,"Ashtabula County, Ohio",28844,15639,1913,3390,2435,1818,1688,980,948,1136,1307,24,0500000US39007
540,"Belmont County, Ohio",19668,9397,1218,2283,1949,1319,680,243,205,496,1004,0,0500000US39013
541,"Butler County, Ohio",102238,66103,5982,17420,13985,9640,6585,3858,1193,2349,4316,775,0500000US39017
542,"Clark County, Ohio",38091,22049,2215,5421,5019,2367,2258,2028,526,440,1698,77,0500000US39023
543,"Clermont County, Ohio",64425,40882,4847,9541,8229,6608,3666,2177,606,1785,3233,190,0500000US39025
544,"Columbiana County, Ohio",27998,15482,2715,3149,3671,1582,1294,1069,378,672,952,0,0500000US39029
545,"Cuyahoga County, Ohio",330736,195564,21719,41405,37668,27477,17487,10425,7072,9886,21504,921,0500000US39035
546,"Delaware County, Ohio",64168,45627,4217,10404,11372,7341,4465,3100,619,1379,2573,157,0500000US39041
547,"Erie County, Ohio",24544,15309,2108,4071,2875,2740,1364,402,430,340,979,0,0500000US39043
548,"Fairfield County, Ohio",44233,29069,2747,7688,5437,4207,1738,1621,1333,1622,2630,46,0500000US39045
549,"Franklin County, Ohio",288725,198544,20102,39404,43902,32705,18641,11622,6132,8669,16021,1346,0500000US39049
550,"Geauga County, Ohio",31578,18571,2638,3772,4842,3004,1820,478,257,458,1241,61,0500000US39055
551,"Greene County, Ohio",45290,27479,2721,6678,6663,3777,3036,1001,1281,711,1556,55,0500000US39057
552,"Hamilton County, Ohio",214355,143554,15753,31574,30269,19909,12200,6728,5619,7030,13456,1016,0500000US39061
553,"Hancock County, Ohio",21992,12300,1715,3336,2166,2149,967,599,400,397,571,0,0500000US39063
554,"Lake County, Ohio",79159,48716,4891,12174,10374,7089,4657,2002,2255,1743,3470,61,0500000US39085
555,"Licking County, Ohio",52119,34378,3778,6331,7732,5416,3543,1624,1105,2053,2741,55,0500000US39089
556,"Lorain County, Ohio",93945,58324,4155,14620,12008,8355,5327,3293,1928,2662,5811,165,0500000US39093
557,"Lucas County, Ohio",118799,70655,7858,16141,14105,10749,6468,4032,2736,2369,5941,256,0500000US39095
558,"Mahoning County, Ohio",68855,36395,4666,9583,5829,5527,3484,1895,1143,1129,2723,416,0500000US39099
559,"Marion County, Ohio",16615,10336,546,2341,3204,1171,840,359,337,568,970,0,0500000US39101
560,"Medina County, Ohio",57994,37995,4672,7857,10192,5666,3449,1476,891,1168,2396,228,0500000US39103
561,"Miami County, Ohio",33784,21461,2063,6133,5299,3371,1255,877,591,735,1081,56,0500000US39109
562,"Montgomery County, Ohio",147362,88677,8661,21282,17561,14105,9058,5159,3397,2089,7033,332,0500000US39113
563,"Muskingum County, Ohio",23575,13596,1344,3395,3375,1309,767,877,258,637,1634,0,0500000US39119
564,"Portage County, Ohio",46048,26715,3047,6381,6213,3387,2101,1907,408,1686,1545,40,0500000US39133
565,"Richland County, Ohio",34800,18111,1835,3745,4517,2463,595,1287,870,746,1466,587,0500000US39139
566,"Ross County, Ohio",20385,11523,1125,3230,2558,1820,477,461,216,638,998,0,0500000US39141
567,"Scioto County, Ohio",20415,7573,785,2265,1717,1218,131,318,154,348,637,0,0500000US39145
568,"Stark County, Ohio",107204,62144,8560,13719,14463,8953,3878,3435,1979,1719,5367,71,0500000US39151
569,"Summit County, Ohio",155910,98170,11776,22154,21683,12407,9753,5531,3025,3547,7774,520,0500000US39153
570,"Trumbull County, Ohio",60076,31965,3832,6690,7683,3929,2918,1920,786,827,3318,62,0500000US39155
571,"Tuscarawas County, Ohio",27218,15303,2038,3566,3494,2632,1092,903,154,555,852,17,0500000US39157
572,"Union County, Ohio",19684,14032,838,2611,4608,3081,767,590,188,386,963,0,0500000US39159
573,"Warren County, Ohio",76619,53905,5220,14438,13801,7155,3159,2378,2026,1978,3588,162,0500000US39165
574,"Wayne County, Ohio",33792,19030,2421,4550,3858,3042,1649,1225,349,479,1457,0,0500000US39169
575,"Wood County, Ohio",35610,22163,2127,5679,5461,3381,1585,741,688,861,1640,0,0500000US39173
576,"Canadian County, Oklahoma",44431,29475,2660,5032,7327,3931,2900,2584,1274,1484,2233,50,0500000US40017
577,"Cleveland County, Oklahoma",72868,44624,3184,9414,11063,7339,3947,1938,1136,2525,3407,671,0500000US40027
578,"Comanche County, Oklahoma",25637,15774,1561,3432,3381,2167,1439,867,610,564,1589,164,0500000US40031
579,"Creek County, Oklahoma",20102,10242,1019,2116,1892,1481,842,676,555,802,826,33,0500000US40037
580,"Muskogee County, Oklahoma",15880,8017,633,1981,2071,1196,428,257,130,372,921,28,0500000US40101
581,"Oklahoma County, Oklahoma",188292,111099,11663,21695,23137,17101,10319,5609,3875,5621,11635,444,0500000US40109
582,"Payne County, Oklahoma",17074,7886,514,1450,1685,1363,1187,424,162,230,871,0,0500000US40119
583,"Pottawatomie County, Oklahoma",18237,8350,690,1738,1740,1208,734,312,372,616,936,4,0500000US40125
584,"Rogers County, Oklahoma",28193,17069,1930,3388,3339,3051,1616,1282,742,425,1252,44,0500000US40131
585,"Tulsa County, Oklahoma",163750,98708,10537,18976,19978,14259,9387,5993,4355,4157,10424,642,0500000US40143
586,"Wagoner County, Oklahoma",26183,16212,1065,3010,4520,1996,1871,738,648,757,1444,163,0500000US40145
587,"Benton County, Oregon",21842,12090,805,1746,2544,1716,1305,674,913,711,1676,0,0500000US41003
588,"Clackamas County, Oregon",116506,81509,6114,12111,14469,13366,9373,7202,3357,4981,10225,311,0500000US41005
589,"Deschutes County, Oregon",58167,39032,3165,5472,8069,4137,3547,3450,2638,2911,5586,57,0500000US41017
590,"Douglas County, Oregon",33931,17304,1599,3047,2790,2629,1551,1060,985,856,2539,248,0500000US41019
591,"Jackson County, Oregon",59540,39095,2216,6205,7558,6979,3477,3443,1894,2699,4494,130,0500000US41029
592,"Josephine County, Oregon",25902,15455,1244,2044,1437,2093,1638,1383,369,1193,3845,209,0500000US41033
593,"Klamath County, Oregon",20558,11933,1586,1376,2297,2205,615,990,685,802,1311,66,0500000US41035
594,"Lane County, Oregon",96381,59299,3832,8435,9332,10622,6543,6161,3063,3439,7693,179,0500000US41039
595,"Linn County, Oregon",34674,22377,1439,2893,5142,3975,2965,1923,789,1157,2008,86,0500000US41043
596,"Marion County, Oregon",79622,50899,3408,7389,11228,7501,5993,3933,2570,3645,5023,209,0500000US41047
597,"Multnomah County, Oregon",181735,130603,9181,19607,24163,21099,13576,9933,5378,9778,17270,618,0500000US41051
598,"Polk County, Oregon",21680,15564,967,2166,2791,2597,1770,1183,935,534,2530,91,0500000US41053
599,"Umatilla County, Oregon",19773,11556,1012,2785,2735,1950,775,483,206,685,901,24,0500000US41059
600,"Washington County, Oregon",144201,102748,9608,18641,21889,14991,9570,8119,4662,5079,10138,51,0500000US41067
601,"Yamhill County, Oregon",25619,16683,896,2817,3283,1959,2276,1651,738,1082,1981,0,0500000US41071
602,"Adams County, Pennsylvania",31086,18639,1718,3410,4037,2905,1988,1075,702,1146,1574,84,0500000US42001
603,"Allegheny County, Pennsylvania",351979,203457,25129,43965,45547,29212,16400,10869,7184,7645,16607,899,0500000US42003
604,"Armstrong County, Pennsylvania",21633,10802,1646,2450,2023,1284,923,384,746,406,806,134,0500000US42005
605,"Beaver County, Pennsylvania",53390,27773,3052,6137,7008,3065,2494,1112,1132,1013,2708,52,0500000US42007
606,"Berks County, Pennsylvania",116859,71269,5593,14619,13685,10274,7934,4470,2809,4361,7223,301,0500000US42011
607,"Blair County, Pennsylvania",36518,20091,2733,4925,4093,4005,1131,571,549,871,1193,20,0500000US42013
608,"Bucks County, Pennsylvania",195134,128219,10790,23069,27159,21664,11815,8821,6524,6132,12037,208,0500000US42017
609,"Butler County, Pennsylvania",60008,33922,4129,8524,7158,4872,2730,1103,1310,1398,2606,92,0500000US42019
610,"Cambria County, Pennsylvania",41543,17778,3138,4920,3018,2292,1328,967,388,347,1270,110,0500000US42021
611,"Carbon County, Pennsylvania",21546,12206,986,2542,2608,2132,750,686,600,890,948,64,0500000US42025
612,"Centre County, Pennsylvania",36802,22679,2580,4502,5335,3140,1521,1387,1412,855,1921,26,0500000US42027
613,"Chester County, Pennsylvania",156539,106703,10695,21349,23699,16549,11263,6075,3993,4366,8525,189,0500000US42029
614,"Clearfield County, Pennsylvania",25257,12294,1577,3444,2881,1768,917,319,68,168,1136,16,0500000US42033
615,"Crawford County, Pennsylvania",25488,12513,1270,2788,2504,1525,936,662,882,493,1408,45,0500000US42039
616,"Cumberland County, Pennsylvania",75668,47936,4253,7520,10576,6139,5957,3175,3073,2151,4671,421,0500000US42041
617,"Dauphin County, Pennsylvania",76061,46931,4895,9423,9521,6889,5790,3116,1036,1866,4387,8,0500000US42043
618,"Delaware County, Pennsylvania",151606,96229,9382,15839,19591,15280,9272,5787,4193,6258,9939,688,0500000US42045
619,"Erie County, Pennsylvania",77556,38535,3648,8212,8153,5270,3207,3063,1464,2123,3065,330,0500000US42049
620,"Fayette County, Pennsylvania",40990,18527,2269,5277,3279,1974,1032,1008,1005,910,1711,62,0500000US42051
621,"Franklin County, Pennsylvania",47976,30202,2201,5649,6474,5907,2451,2308,1503,1489,2220,0,0500000US42055
622,"Indiana County, Pennsylvania",23332,11027,1393,2115,1731,1464,1045,971,372,483,1392,61,0500000US42063
623,"Lackawanna County, Pennsylvania",56908,30234,3138,5809,6392,4675,2661,1935,987,2054,2469,114,0500000US42069
624,"Lancaster County, Pennsylvania",147859,90638,9894,19691,19733,13135,8470,4239,2736,3927,8357,456,0500000US42071
625,"Lawrence County, Pennsylvania",26605,13286,943,3342,3716,1401,903,705,425,512,1339,0,0500000US42073
626,"Lebanon County, Pennsylvania",40098,24664,2846,4716,5285,3344,2789,844,1130,1104,2410,196,0500000US42075
627,"Lehigh County, Pennsylvania",94241,57941,5293,11132,11309,7861,6191,3109,3425,3651,5871,99,0500000US42077
628,"Luzerne County, Pennsylvania",89664,49235,5553,11172,9284,5444,4133,3643,1576,2337,6001,92,0500000US42079
629,"Lycoming County, Pennsylvania",32765,19150,1514,3508,4521,3182,2955,722,291,872,1555,30,0500000US42081
630,"Mercer County, Pennsylvania",34291,17248,2006,5032,3508,2269,1295,777,796,473,1016,76,0500000US42085
631,"Monroe County, Pennsylvania",47497,28098,3156,4664,5560,3062,3585,1575,1325,1913,2878,380,0500000US42089
632,"Montgomery County, Pennsylvania",238703,155323,16189,34732,31096,21953,14181,9299,5778,8124,13562,409,0500000US42091
633,"Northampton County, Pennsylvania",83848,49076,3541,8783,11987,8637,4823,3057,1559,2592,3918,179,0500000US42095
634,"Northumberland County, Pennsylvania",28618,15309,1317,3348,3935,2175,1022,627,813,765,1209,98,0500000US42097
635,"Philadelphia County, Pennsylvania",353535,208105,24369,38561,38966,21537,17846,9241,10155,12262,31707,3461,0500000US42101
636,"Schuylkill County, Pennsylvania",44993,21500,3210,4821,4483,2478,1536,1361,831,1361,1373,46,0500000US42107
637,"Somerset County, Pennsylvania",23191,10629,1352,2337,2314,969,1100,436,574,588,929,30,0500000US42111
638,"Washington County, Pennsylvania",67673,37411,4933,7616,7865,4167,3973,2435,970,1500,3796,156,0500000US42125
639,"Westmoreland County, Pennsylvania",123867,67615,8045,18213,14221,8771,4938,3661,2452,2566,4594,154,0500000US42129
640,"York County, Pennsylvania",139723,88881,9009,17429,18335,12514,8925,7377,3848,3568,7382,494,0500000US42133
641,"Kent County, Rhode Island",55845,37510,2217,5103,8905,5126,5591,3073,1672,1946,3586,291,0500000US44003
642,"Newport County, Rhode Island",25330,14859,1721,2240,2224,2416,1221,729,1256,945,1931,176,0500000US44005
643,"Providence County, Rhode Island",146374,99064,7843,16510,20078,15455,10690,7044,4310,4580,12484,70,0500000US44007
644,"Washington County, Rhode Island",40064,25201,2259,4583,4775,3880,2792,1302,577,989,4009,35,0500000US44009
645,"Aiken County, South Carolina",55033,30227,3950,7405,4998,4607,2307,1533,552,1598,3224,53,0500000US45003
646,"Anderson County, South Carolina",65460,36129,4974,7018,5366,5586,4072,3087,1551,1303,3021,151,0500000US45007
647,"Beaufort County, South Carolina",60550,34872,4432,6241,5660,5242,2530,1818,1935,2044,4970,0,0500000US45013
648,"Berkeley County, South Carolina",72211,49349,4168,10129,10272,6055,6865,2566,1675,2045,5353,221,0500000US45015
649,"Charleston County, South Carolina",113839,75846,8134,13948,13517,10735,6688,4204,3493,4705,10101,321,0500000US45019
650,"Dorchester County, South Carolina",51259,35391,3487,5993,7326,5070,3885,2659,1134,1083,4672,82,0500000US45035
651,"Florence County, South Carolina",33218,17276,2195,4405,2559,2255,2218,1032,633,908,1071,0,0500000US45041
652,"Greenville County, South Carolina",155225,97867,13007,20569,20909,12712,9464,4605,3206,4889,7831,675,0500000US45045
653,"Greenwood County, South Carolina",18904,8166,1160,1250,609,1909,982,296,406,798,738,18,0500000US45047
654,"Horry County, South Carolina",122944,69448,7905,13648,10883,8163,8205,4022,3720,4136,8310,456,0500000US45051
655,"Kershaw County, South Carolina",21105,11534,1201,3720,2100,1097,1024,468,480,111,1094,239,0500000US45055
656,"Lancaster County, South Carolina",35406,21751,2727,4430,3811,3320,1621,1108,908,1212,2542,72,0500000US45057
657,"Laurens County, South Carolina",19545,9704,1210,2095,2061,1141,751,636,402,332,846,230,0500000US45059
658,"Lexington County, South Carolina",95006,60471,7485,14037,13566,8203,5745,2242,1768,3456,3479,490,0500000US45063
659,"Oconee County, South Carolina",27926,12594,1218,3377,2421,1487,754,719,320,726,1572,0,0500000US45073
660,"Orangeburg County, South Carolina",22267,8177,1120,1552,1396,793,731,318,652,478,1068,69,0500000US45075
661,"Pickens County, South Carolina",36374,19320,1761,3642,4559,3148,1516,722,793,701,2391,87,0500000US45077
662,"Richland County, South Carolina",105541,71273,6671,16022,14793,10137,5479,4608,3672,3342,6504,45,0500000US45079
663,"Spartanburg County, South Carolina",95417,55374,7297,10952,11644,5924,5828,4159,2065,2683,4677,145,0500000US45083
664,"Sumter County, South Carolina",27609,15039,1242,3857,2423,1773,1173,1318,411,1024,1547,271,0500000US45085
665,"York County, South Carolina",84255,58090,7988,13023,11510,8525,5594,2895,1334,2889,4332,0,0500000US45091
666,"Lincoln County, South Dakota",20228,13499,842,2709,2322,2754,1734,1197,462,639,840,0,0500000US46083
667,"Minnehaha County, South Dakota",55620,36530,3296,6071,7835,8335,2950,2150,1406,1513,2628,346,0500000US46099
668,"Pennington County, South Dakota",32155,19863,1166,2906,3264,3758,2689,1160,1528,1207,2185,0,0500000US46103
669,"Anderson County, Tennessee",23369,11955,1137,2293,2801,1537,684,1057,610,1030,806,0,0500000US47001
670,"Blount County, Tennessee",42951,24360,2756,4543,5467,3307,2963,1080,917,602,2472,253,0500000US47009
671,"Bradley County, Tennessee",29523,16063,1416,3110,3697,3092,995,1082,298,837,1536,0,0500000US47011
672,"Davidson County, Tennessee",172239,115931,10655,19702,22402,17768,13194,8040,5811,5305,12953,101,0500000US47037
673,"Greene County, Tennessee",21955,9994,909,1689,2638,958,1302,489,287,542,1062,118,0500000US47059
674,"Hamblen County, Tennessee",20038,10435,1386,2944,2551,576,855,924,196,769,234,0,0500000US47063
675,"Hamilton County, Tennessee",102229,58207,8667,13553,10709,8723,5182,2568,1690,2075,4909,131,0500000US47065
676,"Knox County, Tennessee",131603,78495,9822,19452,13383,13157,6553,4296,3462,3468,4707,195,0500000US47093
677,"Madison County, Tennessee",24894,13810,1392,2538,3517,1783,958,678,620,1090,1150,84,0500000US47113
678,"Maury County, Tennessee",30093,17907,1138,3294,3987,2300,1460,2007,719,1133,1393,476,0500000US47119
679,"Montgomery County, Tennessee",57417,40514,2660,8760,8296,4946,4285,2811,1930,3122,3704,0,0500000US47125
680,"Putnam County, Tennessee",20911,11573,760,1963,2307,2026,819,434,730,623,1858,53,0500000US47141
681,"Robertson County, Tennessee",22539,15192,953,2738,3025,2433,2407,325,1139,863,1309,0,0500000US47147
682,"Rutherford County, Tennessee",86187,59428,5475,10349,12335,11438,6624,2907,2138,2635,5527,0,0500000US47149
683,"Sevier County, Tennessee",29133,15947,1114,2636,3353,2453,1356,1178,371,1209,2211,66,0500000US47155
684,"Shelby County, Tennessee",197929,124244,12939,24743,28080,15204,10443,7012,5261,5776,13721,1065,0500000US47157
685,"Sullivan County, Tennessee",51062,24075,2871,6700,4180,3408,2134,1083,818,982,1836,63,0500000US47163
686,"Sumner County, Tennessee",58319,38227,2740,7150,8115,6154,3474,2555,2505,2328,2929,277,0500000US47165
687,"Washington County, Tennessee",36455,20078,3202,4065,4986,1892,1247,893,700,881,2212,0,0500000US47179
688,"Williamson County, Tennessee",75616,52393,5215,11719,10652,8879,5904,2802,1425,1149,4529,119,0500000US47187
689,"Wilson County, Tennessee",45272,32712,2637,6022,5916,5643,2924,2842,2365,1750,2613,0,0500000US47189
690,"Angelina County, Texas",21702,9686,371,1713,2105,2866,551,266,347,520,947,0,0500000US48005
691,"Bastrop County, Texas",29138,15208,386,1979,2387,4302,1761,827,697,472,2334,63,0500000US48021
692,"Bell County, Texas",79311,49555,4444,7548,10585,7533,5193,2693,1987,2134,6795,643,0500000US48027
693,"Bexar County, Texas",446172,265727,16790,37334,54116,41242,28353,22612,14684,19083,31020,493,0500000US48029
694,"Bowie County, Texas",22465,10633,912,1489,1573,1414,1102,611,465,1164,1734,169,0500000US48037
695,"Brazoria County, Texas",100491,58843,3485,11098,10563,10192,6468,4551,3953,3149,5340,44,0500000US48039
696,"Brazos County, Texas",42738,24055,1765,5335,5780,3461,2209,1382,1036,800,2011,276,0500000US48041
697,"Cameron County, Texas",91171,36654,2888,6278,6917,6206,4006,2443,949,2280,3795,892,0500000US48061
698,"Collin County, Texas",267220,186216,16026,32945,38590,31602,19345,13722,8847,8609,15755,775,0500000US48085
699,"Comal County, Texas",54885,34333,2091,5571,7899,4280,3825,2661,1545,1244,5152,65,0500000US48091
700,"Coryell County, Texas",14913,8152,953,1396,2109,1475,867,265,423,101,563,0,0500000US48099
701,"Dallas County, Texas",496727,284258,21503,43476,52529,46574,31821,20601,14057,16274,35392,2031,0500000US48113
702,"Denton County, Texas",234720,163847,11016,29100,34552,24262,17751,12182,8479,9637,16558,310,0500000US48121
703,"Ector County, Texas",40967,21663,1533,3879,3067,3281,1739,1836,1321,1914,3048,45,0500000US48135
704,"Ellis County, Texas",57103,36013,2059,6164,8916,5885,4404,2253,1031,2464,2692,145,0500000US48139
705,"El Paso County, Texas",188291,95070,6579,14076,14973,14122,10414,8950,3153,7285,14708,810,0500000US48141
706,"Fort Bend County, Texas",227295,146199,9892,24745,32274,22196,15369,8691,7412,7956,16722,942,0500000US48157
707,"Galveston County, Texas",97860,56914,3563,9294,8959,8688,5734,5398,3442,2368,9108,360,0500000US48167
708,"Grayson County, Texas",37404,20529,1298,3332,3997,3358,2454,1348,1313,1054,2293,82,0500000US48181
709,"Gregg County, Texas",27725,12604,1295,2777,2832,2387,1066,667,526,118,846,90,0500000US48183
710,"Guadalupe County, Texas",52317,34588,2357,6469,6409,6004,4516,2385,1249,1492,3299,408,0500000US48187
711,"Harris County, Texas",958193,542009,45440,84922,105496,78226,56182,39661,27915,33984,67077,3106,0500000US48201
712,"Harrison County, Texas",21886,9819,1119,1954,2021,1463,516,724,512,336,1174,0,0500000US48203
713,"Hays County, Texas",66896,45628,3343,6306,12048,8437,4182,3405,1278,3764,2758,107,0500000US48209
714,"Henderson County, Texas",25020,10571,854,2120,2141,2310,668,901,335,551,691,0,0500000US48213
715,"Hidalgo County, Texas",182238,72536,5954,12843,13559,10462,6510,5360,3866,3983,9577,422,0500000US48215
716,"Hood County, Texas",20758,11115,650,1835,1839,1427,1247,1125,746,394,1852,0,0500000US48221
717,"Hunt County, Texas",28043,14410,843,3499,1247,1649,1870,1524,1425,826,1527,0,0500000US48231
718,"Jefferson County, Texas",59006,25624,2159,4710,7034,3055,2319,901,786,1340,3243,77,0500000US48245
719,"Johnson County, Texas",50225,30188,1940,4004,5471,8109,2027,1425,2181,1284,3747,0,0500000US48251
720,"Kaufman County, Texas",39703,26221,2777,3248,3901,3754,2641,2765,2106,1555,3474,0,0500000US48257
721,"Liberty County, Texas",24972,11647,1788,1092,2292,1360,1085,539,469,930,2092,0,0500000US48291
722,"Lubbock County, Texas",69035,39986,3952,6098,7611,5880,4499,2994,2356,1426,4701,469,0500000US48303
723,"McLennan County, Texas",57447,31819,3277,5719,5387,5034,3274,1177,1153,2755,3920,123,0500000US48309
724,"Midland County, Texas",44239,25244,1917,4270,4689,2949,3547,2532,1290,1591,2391,68,0500000US48329
725,"Montgomery County, Texas",179109,110319,9363,19501,22819,18085,10955,8442,5166,4754,10633,601,0500000US48339
726,"Nueces County, Texas",79173,42095,3178,7638,7826,6300,4441,2457,3061,2689,4148,357,0500000US48355
727,"Orange County, Texas",24680,11632,1407,2692,2464,2266,535,183,444,314,1101,226,0500000US48361
728,"Parker County, Texas",45282,29428,2646,4316,6308,4745,3433,2127,1476,1826,2513,38,0500000US48367
729,"Potter County, Texas",25050,13207,1169,1405,3031,1491,1028,1296,517,1242,1971,57,0500000US48375
730,"Randall County, Texas",38262,22508,1291,4470,4657,3559,2306,2137,1048,912,2082,46,0500000US48381
731,"Rockwall County, Texas",34800,26061,1080,5165,4851,5912,2903,1835,1007,1254,1897,157,0500000US48397
732,"San Patricio County, Texas",17538,7681,248,1750,1083,1675,566,288,583,533,910,45,0500000US48409
733,"Smith County, Texas",57399,31086,2689,5550,7444,4551,2818,2216,828,1710,3220,60,0500000US48423
734,"Starr County, Texas",13247,2577,275,570,309,170,343,168,72,670,0,0,0500000US48427
735,"Tarrant County, Texas",476114,291139,17134,47995,60984,48335,32906,21408,15348,16131,28925,1973,0500000US48439
736,"Taylor County, Texas",31198,16093,1364,2168,3422,3328,1903,840,898,1026,1112,32,0500000US48441
737,"Tom Green County, Texas",30650,16598,1728,3123,2761,1349,2043,2341,606,1198,1449,0,0500000US48451
738,"Travis County, Texas",309061,207135,16612,39502,39398,33466,23131,12682,8351,9587,23279,1127,0500000US48453
739,"Victoria County, Texas",21524,8110,325,1791,1505,1348,800,656,518,923,244,0,0500000US48469
740,"Walker County, Texas",14657,6788,453,983,1992,859,840,822,52,203,584,0,0500000US48471
741,"Webb County, Texas",52527,26441,1650,5079,4051,5816,1589,2504,709,1825,3218,0,0500000US48479
742,"Wichita County, Texas",29716,15495,1519,2619,3253,3092,1123,1240,545,716,1151,237,0500000US48485
743,"Williamson County, Texas",171353,123047,9199,21228,26627,20638,14726,8092,5686,5953,10355,543,0500000US48491
744,"Wise County, Texas",21211,12207,2017,2466,1704,1363,1358,1156,656,240,1185,62,0500000US48497
745,"Cache County, Utah",29476,18734,1559,3293,4024,3610,1610,1254,631,1412,1341,0,0500000US49005
746,"Davis County, Utah",90234,64449,6512,12180,14063,11831,5872,3368,2595,2727,5095,206,0500000US49011
747,"Salt Lake County, Utah",284740,200385,20075,38838,42653,31827,19816,11851,9020,9734,16211,360,0500000US49035
748,"Tooele County, Utah",18426,14214,1629,2721,3446,2504,1638,629,454,533,660,0,0500000US49045
749,"Utah County, Utah",140284,101049,7508,19599,22935,17137,11474,7285,4250,4392,6201,268,0500000US49049
750,"Washington County, Utah",54694,32754,3052,5478,4769,5195,4192,2766,1832,1534,3792,144,0500000US49053
751,"Weber County, Utah",69999,49644,3158,9067,11620,7613,5582,3465,1601,2258,5272,8,0500000US49057
752,"Chittenden County, Vermont",47017,32184,1163,5078,7978,5804,3995,1706,1250,889,4321,0,0500000US50007
753,"Albemarle County, Virginia",27692,16865,2291,2771,4444,2746,1046,1080,226,697,1494,70,0500000US51003
754,"Arlington County, Virginia",46000,34229,3357,6617,6092,6436,3690,2736,1248,1097,2827,129,0500000US51013
755,"Augusta County, Virginia",24035,13452,965,2382,3347,2528,1251,419,795,536,1229,0,0500000US51015
756,"Bedford County, Virginia",28511,16524,1857,3821,3742,3002,1111,877,374,676,1017,47,0500000US51019
757,"Chesterfield County, Virginia",110603,81081,8641,16506,18223,9992,10235,5092,2917,3881,5248,346,0500000US51041
758,"Fairfax County, Virginia",282620,203504,17520,38429,47865,33700,18335,12413,7612,8253,18603,774,0500000US51059
759,"Fauquier County, Virginia",22076,15838,1730,3309,3834,2438,683,1124,980,453,1287,0,0500000US51061
760,"Frederick County, Virginia",29875,20474,2920,4400,4373,3049,1291,1405,1041,634,1361,0,0500000US51069
761,"Hanover County, Virginia",36685,23948,2429,5563,6310,3466,1994,849,1248,857,1192,40,0500000US51085
762,"Henrico County, Virginia",88148,63154,7909,12091,12579,11272,5667,3938,1941,3448,4074,235,0500000US51087
763,"James City County, Virginia",25118,15442,1447,3331,2386,2282,1884,664,942,917,1589,0,0500000US51095
764,"Loudoun County, Virginia",112692,91718,9127,19476,21477,14222,8577,6297,3915,2599,5985,43,0500000US51107
765,"Montgomery County, Virginia",20762,10831,1184,2152,2671,1575,792,480,281,604,1092,0,0500000US51121
766,"Prince William County, Virginia",115220,91207,6748,17925,20431,14583,8029,7425,3284,4884,7686,212,0500000US51153
767,"Roanoke County, Virginia",32123,17313,1925,4341,3091,2219,1219,1550,287,950,1467,264,0500000US51161
768,"Rockingham County, Virginia",24766,15424,1883,2593,3011,3031,1923,745,556,662,1020,0,0500000US51165
769,"Spotsylvania County, Virginia",41012,29816,2593,6151,6002,3538,2881,2992,1631,357,3526,145,0500000US51177
770,"Stafford County, Virginia",43976,34699,2936,5610,7670,6130,4678,1211,2957,1136,2289,82,0500000US51179
771,"York County, Virginia",20959,15480,1724,3526,2907,2585,2635,897,248,402,495,61,0500000US51199
772,"Alexandria city, Virginia",30502,23478,2501,3936,4772,4055,2210,1745,805,1644,1757,53,0500000US51510
773,"Chesapeake city, Virginia",69722,52383,3298,8090,9137,8458,6777,3268,2925,3298,6465,667,0500000US51550
774,"Hampton city, Virginia",33812,24060,1222,3805,3897,4068,2296,2452,1230,1374,3621,95,0500000US51650
775,"Lynchburg city, Virginia",13760,8295,1341,1229,1761,1445,580,235,526,501,644,33,0500000US51680
776,"Newport News city, Virginia",37573,26306,2970,3118,5103,5007,3203,1338,523,1925,3075,44,0500000US51700
777,"Norfolk city, Virginia",45153,31601,2336,4781,6404,4921,3104,1513,1885,1783,4586,288,0500000US51710
778,"Portsmouth city, Virginia",23687,17090,857,1362,2784,1824,2570,2113,1361,1012,3207,0,0500000US51740
779,"Richmond city, Virginia",46019,32582,2974,6652,5797,4013,3697,1978,1739,1369,4019,344,0500000US51760
780,"Roanoke city, Virginia",22465,14270,1818,2176,2721,2236,1406,1088,619,842,1364,0,0500000US51770
781,"Suffolk city, Virginia",29071,21748,1547,4124,3534,3145,2603,1326,847,2065,2482,75,0500000US51800
782,"Virginia Beach city, Virginia",114026,84143,6184,12374,15860,14239,8879,6016,4453,4891,10927,320,0500000US51810
783,"Benton County, Washington",54112,33590,2822,5919,7387,5128,3435,2790,2394,1334,2191,190,0500000US53005
784,"Chelan County, Washington",20870,11788,1144,2445,3229,1506,1184,524,138,541,1077,0,0500000US53007
785,"Clallam County, Washington",26860,13187,436,1439,2396,2560,1421,457,1107,846,2252,273,0500000US53009
786,"Clark County, Washington",135103,92138,6683,15324,18323,14244,9696,10084,4018,4434,9190,142,0500000US53011
787,"Cowlitz County, Washington",31407,20461,1229,3395,3315,3034,2624,2277,624,1694,2104,165,0500000US53015
788,"Franklin County, Washington",22133,14300,1312,2389,3263,1867,891,1748,719,796,1315,0,0500000US53021
789,"Grant County, Washington",24807,12827,1311,2366,2327,1931,1363,965,639,325,1600,0,0500000US53025
790,"Grays Harbor County, Washington",23738,12654,600,2519,1511,2687,1087,560,1000,1206,1457,27,0500000US53027
791,"Island County, Washington",27444,17937,976,1402,3537,2622,2086,1043,425,1742,4021,83,0500000US53029
792,"King County, Washington",525673,365382,32722,62063,68852,60072,40372,26141,15261,19362,38917,1620,0500000US53033
793,"Kitsap County, Washington",76570,52508,3022,8222,9595,10303,6401,4434,2812,2507,4595,617,0500000US53035
794,"Lewis County, Washington",24788,14519,1294,2514,2606,1763,1372,1424,823,1071,1652,0,0500000US53041
795,"Mason County, Washington",22362,14233,1069,3029,2258,1993,1549,857,1012,768,1698,0,0500000US53045
796,"Pierce County, Washington",224920,157514,9618,24655,31111,25694,20340,11373,7524,7770,19033,396,0500000US53053
797,"Skagit County, Washington",36894,22430,991,4014,3944,3647,2291,1936,1121,1146,3322,18,0500000US53057
798,"Snohomish County, Washington",213375,153503,9304,20632,29941,25663,19835,12843,7979,10660,16152,494,0500000US53061
799,"Spokane County, Washington",141970,90359,8752,13426,17540,15977,9289,6927,4925,4268,9205,50,0500000US53063
800,"Thurston County, Washington",79008,52648,2952,7582,10234,9195,6231,4291,2300,3789,5990,84,0500000US53067
801,"Whatcom County, Washington",61869,39952,2205,4348,6975,5831,5972,3597,2185,2138,6529,172,0500000US53073
802,"Yakima County, Washington",55180,30790,2893,5477,6138,4384,2986,3096,1834,671,3263,48,0500000US53077
803,"Berkeley County, West Virginia",41150,28504,2522,6175,6073,3214,2898,1833,1216,1299,3059,215,0500000US54003
804,"Cabell County, West Virginia",25833,14179,2183,3772,3020,1846,644,662,531,545,976,0,0500000US54011
805,"Harrison County, West Virginia",19505,8296,1333,3082,1908,621,467,269,88,136,371,21,0500000US54033
806,"Kanawha County, West Virginia",51745,25515,3266,6436,7166,2844,1545,1158,720,722,1609,49,0500000US54039
807,"Monongalia County, West Virginia",25891,15746,1944,5354,2723,1685,617,787,331,469,1499,337,0500000US54061
808,"Raleigh County, West Virginia",20398,9988,909,2755,2313,2117,421,49,357,255,812,0,0500000US54081
809,"Wood County, West Virginia",27775,14091,2933,3557,2790,1582,952,189,874,553,547,114,0500000US54107
810,"Brown County, Wisconsin",73042,45976,3797,10447,11267,7277,3758,2126,1378,1999,3778,149,0500000US55009
811,"Chippewa County, Wisconsin",20550,11715,518,2990,3307,1236,1212,872,202,421,947,10,0500000US55017
812,"Dane County, Wisconsin",144687,96660,8409,16669,21636,16803,9571,7424,5204,4186,6425,333,0500000US55025
813,"Dodge County, Wisconsin",26016,15860,825,2972,3511,3021,1646,1242,682,383,1555,23,0500000US55027
814,"Eau Claire County, Wisconsin",28471,17278,1285,3450,3727,2907,1966,1123,980,790,896,154,0500000US55035
815,"Fond du Lac County, Wisconsin",29781,17285,1729,3629,4456,2433,1455,864,730,864,1125,0,0500000US55039
816,"Jefferson County, Wisconsin",26342,16594,840,2880,3907,2793,1950,1206,717,1053,1240,8,0500000US55055
817,"Kenosha County, Wisconsin",47087,31067,2935,5673,6824,5790,1897,1406,871,1943,3448,280,0500000US55059
818,"La Crosse County, Wisconsin",31324,18457,1079,4034,4011,2889,2457,1651,878,593,865,0,0500000US55063
819,"Manitowoc County, Wisconsin",26598,15312,1688,3109,3926,1776,1262,915,672,319,1571,74,0500000US55071
820,"Marathon County, Wisconsin",42753,23914,3208,4923,5356,3348,2725,1298,571,722,1669,94,0500000US55073
821,"Milwaukee County, Wisconsin",190955,122174,9749,20810,27062,20086,11329,7548,6805,5975,11895,915,0500000US55079
822,"Outagamie County, Wisconsin",56205,35586,3365,7028,7180,6917,3045,2376,1323,1694,2415,243,0500000US55087
823,"Ozaukee County, Wisconsin",26525,16466,1451,3474,3663,2732,2005,862,502,574,1139,64,0500000US55089
824,"Portage County, Wisconsin",20014,10874,1249,2657,2424,1748,713,546,367,361,804,5,0500000US55097
825,"Racine County, Wisconsin",56627,37233,2803,6642,7690,6113,3551,2536,1775,1927,4097,99,0500000US55101
826,"Rock County, Wisconsin",47355,29272,1987,5444,6565,5945,2224,1865,1710,1579,1916,37,0500000US55105
827,"St. Croix County, Wisconsin",29914,20830,1897,3937,4842,3647,1979,1396,583,616,1923,10,0500000US55109
828,"Sauk County, Wisconsin",21285,12852,940,2506,2840,2520,1102,857,459,500,1128,0,0500000US55111
829,"Sheboygan County, Wisconsin",36214,21142,2150,4473,5152,2714,1768,1354,1003,1403,1112,13,0500000US55117
830,"Walworth County, Wisconsin",30410,19487,1409,4459,3481,2905,2548,1194,795,596,2012,88,0500000US55127
831,"Washington County, Wisconsin",44764,28434,2755,6508,5597,4112,2616,1758,743,1405,2834,106,0500000US55131
832,"Waukesha County, Wisconsin",130884,85317,8066,16618,21352,14330,7868,4426,2637,3628,5783,609,0500000US55133
833,"Winnebago County, Wisconsin",46609,27685,2589,6771,5964,5027,2159,1592,907,1044,1591,41,0500000US55139
834,"Wood County, Wisconsin",24369,13895,1444,3782,3400,1547,1073,426,174,547,1390,112,0500000US55141
835,"Laramie County, Wyoming",30778,21195,1246,2772,4522,3658,3005,1548,1033,734,2677,0,0500000US56021
836,"Natrona County, Wyoming",25079,15365,1621,2315,3209,2685,1173,989,1431,446,1496,0,0500000US56025
837,"Arecibo Municipio, Puerto Rico",21299,6611,622,1632,561,957,511,308,381,904,685,50,0500000US72013
